id,user_id,category_id,amount,description,date,created_at
001b3a1e-eb95-4660-9f7e-5368bf82465f,8fda9f64-eb6d-4edf-96f2-0e92076e1607,f3bccc52-435d-4fec-bb68-8ce687e665eb,78,Electricity,2025-12-07,2026-03-23 12:36:40.550609+00
01c8937f-9067-47ed-8de1-68bb6aeecf0b,8fda9f64-eb6d-4edf-96f2-0e92076e1607,dfe79feb-8e63-4016-9994-706f81570549,265,Dinner,2026-01-29,2026-03-24 15:40:06.105203+00
01d1f95a-8bea-46fa-9ae4-19cd4c8c7c67,8fda9f64-eb6d-4edf-96f2-0e92076e1607,9d500dc7-0fc5-47b5-bf3b-1d5f57982793,100,Auto,2026-03-27,2026-03-24 15:48:59.062415+00
0481e8f8-6751-411a-bbaa-205da4f20314,8fda9f64-eb6d-4edf-96f2-0e92076e1607,9d500dc7-0fc5-47b5-bf3b-1d5f57982793,100,Auto,2026-01-30,2026-03-24 15:48:21.825061+00
04821bda-4f1e-45ca-9769-74cd7a9b042f,8fda9f64-eb6d-4edf-96f2-0e92076e1607,9d500dc7-0fc5-47b5-bf3b-1d5f57982793,100,Auto,2025-11-28,2026-03-24 15:47:18.801908+00
04a4ae19-fa28-42f1-8ab1-bdb9df652890,8fda9f64-eb6d-4edf-96f2-0e92076e1607,9d500dc7-0fc5-47b5-bf3b-1d5f57982793,100,Auto,2026-03-26,2026-03-24 15:48:59.062415+00
04cc14bc-f278-4697-adcd-fb4e532964bc,8fda9f64-eb6d-4edf-96f2-0e92076e1607,9d500dc7-0fc5-47b5-bf3b-1d5f57982793,44,Auto,2025-10-15,2026-03-24 15:39:33.088394+00
05539214-c6b5-4be0-9114-48d7c22a4250,8fda9f64-eb6d-4edf-96f2-0e92076e1607,9d500dc7-0fc5-47b5-bf3b-1d5f57982793,47,Auto,2025-12-02,2026-03-24 15:39:33.088394+00
07256a67-bc57-47df-9be4-9ea1812b4a76,8fda9f64-eb6d-4edf-96f2-0e92076e1607,dfe79feb-8e63-4016-9994-706f81570549,111,Lunch,2025-11-29,2026-03-24 15:40:06.105203+00
07d292f4-2bc6-433a-822f-34a3823a9d5e,8fda9f64-eb6d-4edf-96f2-0e92076e1607,dfe79feb-8e63-4016-9994-706f81570549,70,Snacks,2025-12-07,2026-03-24 15:31:22.708467+00
08bdd688-1c97-4f30-a546-d16db95a5fcb,8fda9f64-eb6d-4edf-96f2-0e92076e1607,9d500dc7-0fc5-47b5-bf3b-1d5f57982793,100,Auto,2025-11-12,2026-03-24 15:47:18.801908+00
0929c324-e3fd-4477-b5bf-0c14ee8a5c80,8fda9f64-eb6d-4edf-96f2-0e92076e1607,dfe79feb-8e63-4016-9994-706f81570549,216,Lunch,2026-02-23,2026-03-24 15:40:06.105203+00
0b09822a-1d98-41d2-bb9b-bc07ea9dbba2,8fda9f64-eb6d-4edf-96f2-0e92076e1607,9d500dc7-0fc5-47b5-bf3b-1d5f57982793,100,Auto,2026-03-13,2026-03-24 15:48:59.062415+00
0ba1db2b-4ea5-48d6-bef8-13f03203be80,8fda9f64-eb6d-4edf-96f2-0e92076e1607,dfe79feb-8e63-4016-9994-706f81570549,194,Lunch,2025-11-21,2026-03-24 15:40:06.105203+00
0bf71819-41fb-498d-9542-83b296a9da23,8fda9f64-eb6d-4edf-96f2-0e92076e1607,9d500dc7-0fc5-47b5-bf3b-1d5f57982793,100,Auto,2025-10-15,2026-03-24 15:46:45.906116+00
0defb4d7-a76c-4f75-8639-4d40024933b6,8fda9f64-eb6d-4edf-96f2-0e92076e1607,9d500dc7-0fc5-47b5-bf3b-1d5f57982793,100,Auto,2026-01-10,2026-03-24 15:48:21.825061+00
0e3a2ef6-2721-480a-b9f3-b38d30655e51,8fda9f64-eb6d-4edf-96f2-0e92076e1607,3e320471-accc-4b94-b4e6-1a2d853d51a1,15.99,Netflix,2025-10-06,2026-03-23 12:36:40.550609+00
0e747764-f994-448a-98d5-876245a28612,8fda9f64-eb6d-4edf-96f2-0e92076e1607,dfe79feb-8e63-4016-9994-706f81570549,9.2,Snacks,2025-11-15,2026-03-23 12:36:40.550609+00
0f0b90d8-6009-4035-9a52-15c129b2200d,8fda9f64-eb6d-4edf-96f2-0e92076e1607,dfe79feb-8e63-4016-9994-706f81570549,103,Dinner,2026-01-01,2026-03-24 15:40:06.105203+00
110046f3-0669-4f0d-89e8-55ea05dd35ee,8fda9f64-eb6d-4edf-96f2-0e92076e1607,9d500dc7-0fc5-47b5-bf3b-1d5f57982793,100,Auto,2025-10-18,2026-03-24 15:46:45.906116+00
1169e35d-2fd9-4837-b107-a97c8adcf445,8fda9f64-eb6d-4edf-96f2-0e92076e1607,dfe79feb-8e63-4016-9994-706f81570549,279,Lunch,2025-10-09,2026-03-24 15:40:06.105203+00
11f8f7c7-a496-47c9-9c11-be060f091674,8fda9f64-eb6d-4edf-96f2-0e92076e1607,dfe79feb-8e63-4016-9994-706f81570549,153,Lunch,2025-12-29,2026-03-24 15:40:06.105203+00
1259437f-a966-4d7a-b1dc-0c50acd0272c,8fda9f64-eb6d-4edf-96f2-0e92076e1607,9d500dc7-0fc5-47b5-bf3b-1d5f57982793,100,Auto,2026-02-08,2026-03-24 15:48:46.615497+00
12fe5ee9-1520-43a9-8ca9-afe6758c65a3,8fda9f64-eb6d-4edf-96f2-0e92076e1607,9d500dc7-0fc5-47b5-bf3b-1d5f57982793,100,Auto,2025-12-17,2026-03-24 15:47:43.914809+00
1302fe33-8acf-43d1-8ae5-c525aed6604e,8fda9f64-eb6d-4edf-96f2-0e92076e1607,9d500dc7-0fc5-47b5-bf3b-1d5f57982793,57,Auto,2025-10-08,2026-03-24 15:39:33.088394+00
14dfd3b1-69df-4870-b228-810bb61c86cd,8fda9f64-eb6d-4edf-96f2-0e92076e1607,9d500dc7-0fc5-47b5-bf3b-1d5f57982793,100,Auto,2026-02-19,2026-03-24 15:48:46.615497+00
1561b0fb-46d9-46aa-a2b6-4cb2b5270935,8fda9f64-eb6d-4edf-96f2-0e92076e1607,dfe79feb-8e63-4016-9994-706f81570549,11,Snacks,2026-02-15,2026-03-23 12:36:40.550609+00
1565ebec-dc4b-40cb-980c-42e281b38e23,8fda9f64-eb6d-4edf-96f2-0e92076e1607,9d500dc7-0fc5-47b5-bf3b-1d5f57982793,100,Auto,2026-03-15,2026-03-24 15:48:59.062415+00
15be67bb-dbee-49b2-babf-e6a63e785be9,8fda9f64-eb6d-4edf-96f2-0e92076e1607,dfe79feb-8e63-4016-9994-706f81570549,171,Lunch,2025-10-23,2026-03-24 15:40:06.105203+00
16008396-9299-40de-bbdf-038a8afadfdb,8fda9f64-eb6d-4edf-96f2-0e92076e1607,9d500dc7-0fc5-47b5-bf3b-1d5f57982793,100,Auto,2025-12-22,2026-03-24 15:47:43.914809+00
1683372c-66ad-467f-b726-b6c5a056e3a6,8fda9f64-eb6d-4edf-96f2-0e92076e1607,3e320471-accc-4b94-b4e6-1a2d853d51a1,120,Concert,2026-02-06,2026-03-23 12:36:40.550609+00
182c2e64-a405-47a9-a1fd-653cdf4c966e,8fda9f64-eb6d-4edf-96f2-0e92076e1607,113225e0-523b-4f3c-af5e-3b1bfc17b202,850,Amazon,2025-11-04,2026-03-24 15:31:22.708467+00
184b8a87-4b84-47c0-9a27-8d1b4f0d1936,8fda9f64-eb6d-4edf-96f2-0e92076e1607,dfe79feb-8e63-4016-9994-706f81570549,110.23,Groceries,2025-10-02,2026-03-23 12:36:40.550609+00
18632f69-dc91-47cd-8a3a-13eb6561d91f,8fda9f64-eb6d-4edf-96f2-0e92076e1607,9d500dc7-0fc5-47b5-bf3b-1d5f57982793,52,Auto,2025-11-01,2026-03-24 15:39:33.088394+00
1876d841-82e4-4b7e-9767-a3a997532ebb,8fda9f64-eb6d-4edf-96f2-0e92076e1607,9d500dc7-0fc5-47b5-bf3b-1d5f57982793,100,Auto,2026-01-11,2026-03-24 15:48:21.825061+00
1ab358d8-ced5-44c4-989c-b8e552871f35,8fda9f64-eb6d-4edf-96f2-0e92076e1607,9d500dc7-0fc5-47b5-bf3b-1d5f57982793,40,Bus,2025-10-03,2026-03-24 15:31:22.708467+00
1b2bb934-d05a-4cc2-8f77-c8eeb977d8a2,8fda9f64-eb6d-4edf-96f2-0e92076e1607,3e320471-accc-4b94-b4e6-1a2d853d51a1,22,Movie,2025-12-05,2026-03-23 12:36:40.550609+00
1b511b4a-3f63-4324-8327-55f5f8233eda,8fda9f64-eb6d-4edf-96f2-0e92076e1607,a4615ed1-a622-4ba1-9527-99a2f99ece5b,75,Gift,2025-11-22,2026-03-23 12:36:40.550609+00
1be449e3-d3b1-449b-95db-5f140757eb0c,8fda9f64-eb6d-4edf-96f2-0e92076e1607,9d500dc7-0fc5-47b5-bf3b-1d5f57982793,180,Taxi,2025-12-03,2026-03-24 15:31:22.708467+00
1bef8ee4-ee0c-4b60-a7ec-c50a773e5c7a,8fda9f64-eb6d-4edf-96f2-0e92076e1607,dfe79feb-8e63-4016-9994-706f81570549,252,Lunch,2025-11-15,2026-03-24 15:40:06.105203+00
1bf0dc06-b278-4e85-9a65-ef3044efbfb2,8fda9f64-eb6d-4edf-96f2-0e92076e1607,f3bccc52-435d-4fec-bb68-8ce687e665eb,60,Internet,2026-03-09,2026-03-23 12:36:40.550609+00
1ce63fa1-d566-4bc1-8c85-05a15e76b9ce,8fda9f64-eb6d-4edf-96f2-0e92076e1607,9d500dc7-0fc5-47b5-bf3b-1d5f57982793,59,Auto,2025-11-28,2026-03-24 15:39:33.088394+00
1d5a22d0-b1b0-4d26-92ee-b18577632b57,8fda9f64-eb6d-4edf-96f2-0e92076e1607,9d500dc7-0fc5-47b5-bf3b-1d5f57982793,100,Auto,2026-01-12,2026-03-24 15:48:21.825061+00
1db7a934-3237-4546-9960-c75cf0934636,8fda9f64-eb6d-4edf-96f2-0e92076e1607,9d500dc7-0fc5-47b5-bf3b-1d5f57982793,54,Auto,2026-01-06,2026-03-24 15:39:33.088394+00
1df892bd-518b-417a-80ff-a345d701542a,8fda9f64-eb6d-4edf-96f2-0e92076e1607,dfe79feb-8e63-4016-9994-706f81570549,18.9,Lunch,2025-11-04,2026-03-23 12:36:40.550609+00
1f2da6ac-ee39-48e7-a9c6-b5612b16f0b9,8fda9f64-eb6d-4edf-96f2-0e92076e1607,dfe79feb-8e63-4016-9994-706f81570549,133,Lunch,2026-01-13,2026-03-24 15:40:06.105203+00
21c1677e-74be-44e0-8dbc-cb85ba307c43,8fda9f64-eb6d-4edf-96f2-0e92076e1607,9d500dc7-0fc5-47b5-bf3b-1d5f57982793,100,Auto,2026-02-14,2026-03-24 15:48:46.615497+00
22560bed-e3ac-4cbe-a87e-afde96ca472f,8fda9f64-eb6d-4edf-96f2-0e92076e1607,dfe79feb-8e63-4016-9994-706f81570549,167,Lunch,2026-02-18,2026-03-24 15:40:06.105203+00
23702f51-34b0-4389-9c7c-1a6ae4fafe6d,8fda9f64-eb6d-4edf-96f2-0e92076e1607,dfe79feb-8e63-4016-9994-706f81570549,80,Breakfast,2026-01-01,2026-03-24 15:31:22.708467+00
23f5f5e4-5e41-475c-9b15-d7110f8b406a,8fda9f64-eb6d-4edf-96f2-0e92076e1607,3e320471-accc-4b94-b4e6-1a2d853d51a1,300,Movie,2025-12-06,2026-03-24 15:31:22.708467+00
243e5239-450d-4950-afd5-0903cdd359ef,8fda9f64-eb6d-4edf-96f2-0e92076e1607,dfe79feb-8e63-4016-9994-706f81570549,179,Lunch,2026-01-03,2026-03-24 15:40:06.105203+00
247f348b-39d4-4a3d-a357-838db0b7ae8e,8fda9f64-eb6d-4edf-96f2-0e92076e1607,9d500dc7-0fc5-47b5-bf3b-1d5f57982793,100,Auto,2025-12-15,2026-03-24 15:47:43.914809+00
249f402b-e2f2-4646-b717-f76ff2392596,8fda9f64-eb6d-4edf-96f2-0e92076e1607,9d500dc7-0fc5-47b5-bf3b-1d5f57982793,44,Auto,2025-11-14,2026-03-24 15:39:33.088394+00
2582a4b2-d704-43ac-bb28-ff2735bb6e64,8fda9f64-eb6d-4edf-96f2-0e92076e1607,dfe79feb-8e63-4016-9994-706f81570549,141,Lunch,2025-10-22,2026-03-24 15:40:06.105203+00
25b29dc5-7287-4772-8cdc-d99deb90d8f4,8fda9f64-eb6d-4edf-96f2-0e92076e1607,9d500dc7-0fc5-47b5-bf3b-1d5f57982793,100,Auto,2025-12-16,2026-03-24 15:47:43.914809+00
26053ccd-9d66-4655-ae44-4578784b5103,8fda9f64-eb6d-4edf-96f2-0e92076e1607,dfe79feb-8e63-4016-9994-706f81570549,267,Lunch,2025-12-23,2026-03-24 15:40:06.105203+00
26b125eb-9594-474d-b1bd-14bc54192c16,8fda9f64-eb6d-4edf-96f2-0e92076e1607,9d500dc7-0fc5-47b5-bf3b-1d5f57982793,41,Auto,2025-11-06,2026-03-24 15:39:33.088394+00
27672af5-96cc-4594-a2ed-01d4f13a1ca1,8fda9f64-eb6d-4edf-96f2-0e92076e1607,9d500dc7-0fc5-47b5-bf3b-1d5f57982793,100,Auto,2025-11-25,2026-03-24 15:47:18.801908+00
27a27a8f-4a07-42a6-9c50-523f5c07c8dc,8fda9f64-eb6d-4edf-96f2-0e92076e1607,9d500dc7-0fc5-47b5-bf3b-1d5f57982793,41,Auto,2026-01-10,2026-03-24 15:39:33.088394+00
284ca9ae-e989-418a-aea9-0d05852299ea,8fda9f64-eb6d-4edf-96f2-0e92076e1607,dfe79feb-8e63-4016-9994-706f81570549,109,Dinner,2026-01-06,2026-03-24 15:40:06.105203+00
29749e1f-f076-4159-81fc-0d36efce212e,8fda9f64-eb6d-4edf-96f2-0e92076e1607,9d500dc7-0fc5-47b5-bf3b-1d5f57982793,100,Auto,2026-02-21,2026-03-24 15:48:46.615497+00
2a262307-22e7-41a3-8e5e-c27f6d4d9399,8fda9f64-eb6d-4edf-96f2-0e92076e1607,9d500dc7-0fc5-47b5-bf3b-1d5f57982793,56,Auto,2025-12-03,2026-03-24 15:39:33.088394+00
2ae7383f-391c-4c7e-8141-7e6919d71c14,8fda9f64-eb6d-4edf-96f2-0e92076e1607,113225e0-523b-4f3c-af5e-3b1bfc17b202,210,Shopping,2026-03-12,2026-03-23 12:36:40.550609+00
2b8e5952-b1b7-48cd-8bcb-8683cde3d688,8fda9f64-eb6d-4edf-96f2-0e92076e1607,dfe79feb-8e63-4016-9994-706f81570549,111,Lunch,2025-12-31,2026-03-24 15:40:06.105203+00
2bb7b573-beef-499c-8454-9c534344a695,8fda9f64-eb6d-4edf-96f2-0e92076e1607,9d500dc7-0fc5-47b5-bf3b-1d5f57982793,51,Auto,2025-10-07,2026-03-24 15:39:33.088394+00
2be211ae-f331-4fac-a983-b38ec524a5e5,8fda9f64-eb6d-4edf-96f2-0e92076e1607,9d500dc7-0fc5-47b5-bf3b-1d5f57982793,100,Auto,2026-03-05,2026-03-24 15:48:59.062415+00
2c16241e-4e26-48dc-af91-11d190deebae,8fda9f64-eb6d-4edf-96f2-0e92076e1607,9d500dc7-0fc5-47b5-bf3b-1d5f57982793,100,Auto,2025-12-28,2026-03-24 15:47:43.914809+00
2d847774-5b4e-4812-a7fa-d42c3a719550,8fda9f64-eb6d-4edf-96f2-0e92076e1607,113225e0-523b-4f3c-af5e-3b1bfc17b202,145.2,Clothes,2025-10-10,2026-03-23 12:36:40.550609+00
2eaf6f05-d16e-49bc-ab08-ea1a2d0f7671,8fda9f64-eb6d-4edf-96f2-0e92076e1607,9d500dc7-0fc5-47b5-bf3b-1d5f57982793,100,Auto,2026-01-28,2026-03-24 15:48:21.825061+00
2f82edb8-f0c0-495e-9ce8-600daba89dd2,8fda9f64-eb6d-4edf-96f2-0e92076e1607,dfe79feb-8e63-4016-9994-706f81570549,125.6,Groceries,2025-11-01,2026-03-23 12:36:40.550609+00
303f3176-9299-48ea-bca1-d71ce7da697a,8fda9f64-eb6d-4edf-96f2-0e92076e1607,9d500dc7-0fc5-47b5-bf3b-1d5f57982793,52,Auto,2025-10-22,2026-03-24 15:39:33.088394+00
30e45199-da82-49f3-a3b2-f7008f446c8d,8fda9f64-eb6d-4edf-96f2-0e92076e1607,dfe79feb-8e63-4016-9994-706f81570549,32.8,Dinner,2025-10-22,2026-03-23 12:36:40.550609+00
3103cdfe-288a-4f06-a15e-ca0b69efff67,8fda9f64-eb6d-4edf-96f2-0e92076e1607,9d500dc7-0fc5-47b5-bf3b-1d5f57982793,100,Auto,2026-03-25,2026-03-24 15:48:59.062415+00
3134cdc8-d6c9-4c81-a446-4d8c008e2404,8fda9f64-eb6d-4edf-96f2-0e92076e1607,dfe79feb-8e63-4016-9994-706f81570549,153,Lunch,2026-01-26,2026-03-24 15:40:06.105203+00
31ad6fe3-6015-44ef-bc90-7dcf1d7afef8,8fda9f64-eb6d-4edf-96f2-0e92076e1607,9d500dc7-0fc5-47b5-bf3b-1d5f57982793,44,Auto,2025-11-23,2026-03-24 15:39:33.088394+00
31e2b8b8-140a-4485-a4b2-6aa426d2a047,8fda9f64-eb6d-4edf-96f2-0e92076e1607,9d500dc7-0fc5-47b5-bf3b-1d5f57982793,100,Auto,2026-02-04,2026-03-24 15:48:46.615497+00
32608d34-d16c-4979-8899-b7054be09bdf,8fda9f64-eb6d-4edf-96f2-0e92076e1607,9d500dc7-0fc5-47b5-bf3b-1d5f57982793,43,Auto,2025-12-05,2026-03-24 15:39:33.088394+00
328c18bd-3d95-461a-81b9-ad2fe751d6d2,8fda9f64-eb6d-4edf-96f2-0e92076e1607,9d500dc7-0fc5-47b5-bf3b-1d5f57982793,100,Auto,2026-01-04,2026-03-24 15:48:21.825061+00
3308790d-29be-40e2-8acd-dce7b10e5cdc,8fda9f64-eb6d-4edf-96f2-0e92076e1607,dfe79feb-8e63-4016-9994-706f81570549,186,Dinner,2025-10-16,2026-03-24 15:40:06.105203+00
33c3f839-bc5d-43a2-aaee-91699037f073,8fda9f64-eb6d-4edf-96f2-0e92076e1607,9d500dc7-0fc5-47b5-bf3b-1d5f57982793,40,Auto,2025-12-13,2026-03-24 15:39:33.088394+00
33e95b86-64a3-4c94-8967-0b6a5a5d79d7,8fda9f64-eb6d-4edf-96f2-0e92076e1607,dfe79feb-8e63-4016-9994-706f81570549,273,Dinner,2025-11-04,2026-03-24 15:40:06.105203+00
353ee1d8-4957-4ea8-be23-c5f27e79c097,8fda9f64-eb6d-4edf-96f2-0e92076e1607,9d500dc7-0fc5-47b5-bf3b-1d5f57982793,100,Auto,2025-10-10,2026-03-24 15:46:45.906116+00
36639a06-b7ee-466c-b36e-acb211f9d7e6,8fda9f64-eb6d-4edf-96f2-0e92076e1607,9d500dc7-0fc5-47b5-bf3b-1d5f57982793,100,Auto,2026-03-29,2026-03-24 15:48:59.062415+00
36df98e2-f4f2-423c-a19d-7bf97045b564,8fda9f64-eb6d-4edf-96f2-0e92076e1607,9d500dc7-0fc5-47b5-bf3b-1d5f57982793,50,Auto,2025-12-16,2026-03-24 15:39:33.088394+00
371bea45-e204-4558-bcc3-ee0fa6b35b37,8fda9f64-eb6d-4edf-96f2-0e92076e1607,dfe79feb-8e63-4016-9994-706f81570549,118,Dinner,2025-10-27,2026-03-24 15:40:06.105203+00
37c26d95-199f-422c-95e3-f2f65ce065ff,8fda9f64-eb6d-4edf-96f2-0e92076e1607,dfe79feb-8e63-4016-9994-706f81570549,114,Lunch,2026-02-13,2026-03-24 15:40:06.105203+00
37d02eb9-90be-43b3-80f6-4dc72635b87c,8fda9f64-eb6d-4edf-96f2-0e92076e1607,dfe79feb-8e63-4016-9994-706f81570549,84,Lunch,2026-01-17,2026-03-24 15:40:06.105203+00
387b052f-1182-4844-93d4-d43c665fccf8,8fda9f64-eb6d-4edf-96f2-0e92076e1607,113225e0-523b-4f3c-af5e-3b1bfc17b202,560,Groceries,2025-10-04,2026-03-24 15:31:22.708467+00
38894208-d2f8-4409-8fe2-38f25f820746,8fda9f64-eb6d-4edf-96f2-0e92076e1607,9d500dc7-0fc5-47b5-bf3b-1d5f57982793,38.5,Uber,2025-10-03,2026-03-23 12:36:40.550609+00
39403ea2-7e81-437b-9910-b2fcb3467cc4,8fda9f64-eb6d-4edf-96f2-0e92076e1607,9d500dc7-0fc5-47b5-bf3b-1d5f57982793,43,Auto,2025-12-01,2026-03-24 15:39:33.088394+00
39ddce58-8473-4d70-b6ab-30353c04f44e,8fda9f64-eb6d-4edf-96f2-0e92076e1607,a4615ed1-a622-4ba1-9527-99a2f99ece5b,220,Misc Expense,2025-12-08,2026-03-24 15:31:22.708467+00
39fd94b7-46a8-4d3a-9839-06918c3a3c60,8fda9f64-eb6d-4edf-96f2-0e92076e1607,9d500dc7-0fc5-47b5-bf3b-1d5f57982793,45,Auto,2025-12-26,2026-03-24 15:39:33.088394+00
3ac0f4bf-9f9d-41b3-a6b0-6484703d15f4,8fda9f64-eb6d-4edf-96f2-0e92076e1607,9d500dc7-0fc5-47b5-bf3b-1d5f57982793,100,Auto,2025-10-26,2026-03-24 15:46:45.906116+00
3b4924fb-0058-4132-8563-5cdc5399bc8b,8fda9f64-eb6d-4edf-96f2-0e92076e1607,dfe79feb-8e63-4016-9994-706f81570549,277,Lunch,2025-12-10,2026-03-24 15:40:06.105203+00
3b905d14-ebd1-4004-bffa-35ed9c0d46e3,8fda9f64-eb6d-4edf-96f2-0e92076e1607,9d500dc7-0fc5-47b5-bf3b-1d5f57982793,100,Auto,2026-03-24,2026-03-24 15:48:59.062415+00
3bad476b-9fd9-4a6f-a7de-66a30c934cbe,8fda9f64-eb6d-4edf-96f2-0e92076e1607,9d500dc7-0fc5-47b5-bf3b-1d5f57982793,43,Auto,2025-11-17,2026-03-24 15:39:33.088394+00
3beba644-9c6f-4756-beec-084cad061082,8fda9f64-eb6d-4edf-96f2-0e92076e1607,9d500dc7-0fc5-47b5-bf3b-1d5f57982793,100,Auto,2025-10-17,2026-03-24 15:46:45.906116+00
3c32105b-2a48-4c88-b418-c8a10ec02acf,8fda9f64-eb6d-4edf-96f2-0e92076e1607,9d500dc7-0fc5-47b5-bf3b-1d5f57982793,43,Auto,2025-10-25,2026-03-24 15:39:33.088394+00
3c67a7e2-0675-4244-a362-76630778cfe9,8fda9f64-eb6d-4edf-96f2-0e92076e1607,a4615ed1-a622-4ba1-9527-99a2f99ece5b,25,Misc purchase,2025-10-18,2026-03-23 12:36:40.550609+00
3cc2f163-5648-4ce9-a5df-ab8679d14766,8fda9f64-eb6d-4edf-96f2-0e92076e1607,9d500dc7-0fc5-47b5-bf3b-1d5f57982793,42,Auto,2025-11-26,2026-03-24 15:39:33.088394+00
3ccb8d26-e98a-4b7d-9b37-7dc50b90c953,8fda9f64-eb6d-4edf-96f2-0e92076e1607,9d500dc7-0fc5-47b5-bf3b-1d5f57982793,43,Auto,2025-11-15,2026-03-24 15:39:33.088394+00
3d1869fc-6e59-4ee3-ae03-9b4dd379b661,8fda9f64-eb6d-4edf-96f2-0e92076e1607,9d500dc7-0fc5-47b5-bf3b-1d5f57982793,100,Auto,2025-11-26,2026-03-24 15:47:18.801908+00
3dcbd9cd-f2ab-40f4-9a13-4bec7da0a624,8fda9f64-eb6d-4edf-96f2-0e92076e1607,9d500dc7-0fc5-47b5-bf3b-1d5f57982793,50,Auto,2025-12-23,2026-03-24 15:39:33.088394+00
3dfc889a-8261-4482-822c-c8808c80b752,8fda9f64-eb6d-4edf-96f2-0e92076e1607,9d500dc7-0fc5-47b5-bf3b-1d5f57982793,100,Auto,2026-02-26,2026-03-24 15:48:46.615497+00
3e40809e-12b1-4917-b3e4-8b08c2eb3803,8fda9f64-eb6d-4edf-96f2-0e92076e1607,dfe79feb-8e63-4016-9994-706f81570549,92,Lunch,2026-02-11,2026-03-24 15:40:06.105203+00
3e40a4a1-bab6-401a-8885-704e9d000a27,8fda9f64-eb6d-4edf-96f2-0e92076e1607,9d500dc7-0fc5-47b5-bf3b-1d5f57982793,100,Auto,2025-12-23,2026-03-24 15:47:43.914809+00
3e6d2dc4-f224-44ca-9761-7d880f040b6e,8fda9f64-eb6d-4edf-96f2-0e92076e1607,9d500dc7-0fc5-47b5-bf3b-1d5f57982793,57,Auto,2025-10-29,2026-03-24 15:39:33.088394+00
404bb940-0d33-4f43-ac63-a0af1bb8e5cb,8fda9f64-eb6d-4edf-96f2-0e92076e1607,9d500dc7-0fc5-47b5-bf3b-1d5f57982793,48,Auto,2026-01-02,2026-03-24 15:39:33.088394+00
42a075f6-3b89-4767-82b1-e62ff04834ef,8fda9f64-eb6d-4edf-96f2-0e92076e1607,9d500dc7-0fc5-47b5-bf3b-1d5f57982793,100,Auto,2025-10-27,2026-03-24 15:46:45.906116+00
438a2627-5f86-40e2-a97d-ed5b10878822,8fda9f64-eb6d-4edf-96f2-0e92076e1607,9d500dc7-0fc5-47b5-bf3b-1d5f57982793,120,Cab,2026-01-01,2026-03-24 15:31:22.708467+00
43e7bdc6-bbac-48aa-8296-628e82a49735,8fda9f64-eb6d-4edf-96f2-0e92076e1607,9d500dc7-0fc5-47b5-bf3b-1d5f57982793,100,Auto,2025-10-12,2026-03-24 15:46:45.906116+00
4424998e-b9bf-4e64-9d4b-ebd8f6a6da63,8fda9f64-eb6d-4edf-96f2-0e92076e1607,9d500dc7-0fc5-47b5-bf3b-1d5f57982793,100,Auto,2025-11-05,2026-03-24 15:47:18.801908+00
44fb6c6e-63f2-46fc-978d-66988361326a,8fda9f64-eb6d-4edf-96f2-0e92076e1607,9d500dc7-0fc5-47b5-bf3b-1d5f57982793,100,Auto,2025-10-03,2026-03-24 15:46:45.906116+00
45153ab2-f02e-4de4-b8e1-ba94359cee97,8fda9f64-eb6d-4edf-96f2-0e92076e1607,9d500dc7-0fc5-47b5-bf3b-1d5f57982793,54,Auto,2025-10-21,2026-03-24 15:39:33.088394+00
459679d3-195a-4955-aab6-6bda29818d9b,8fda9f64-eb6d-4edf-96f2-0e92076e1607,9d500dc7-0fc5-47b5-bf3b-1d5f57982793,52,Auto,2025-11-11,2026-03-24 15:39:33.088394+00
45de3468-bb66-4fed-8cc2-0a240bc22349,8fda9f64-eb6d-4edf-96f2-0e92076e1607,9d500dc7-0fc5-47b5-bf3b-1d5f57982793,100,Auto,2026-02-09,2026-03-24 15:48:46.615497+00
45f071d7-e869-4e86-b74c-1b4f1cac5dc9,8fda9f64-eb6d-4edf-96f2-0e92076e1607,9d500dc7-0fc5-47b5-bf3b-1d5f57982793,48,Auto,2025-10-06,2026-03-24 15:39:33.088394+00
467b211f-2a06-481e-9e79-5bb6dc933293,8fda9f64-eb6d-4edf-96f2-0e92076e1607,9d500dc7-0fc5-47b5-bf3b-1d5f57982793,100,Auto,2026-01-13,2026-03-24 15:48:21.825061+00
46d229c2-36bb-4675-a025-bf48eb6dfe8a,8fda9f64-eb6d-4edf-96f2-0e92076e1607,dfe79feb-8e63-4016-9994-706f81570549,165,Dinner,2025-12-28,2026-03-24 15:40:06.105203+00
476f076a-7c5a-425b-a01e-9ab9d576afcc,8fda9f64-eb6d-4edf-96f2-0e92076e1607,dfe79feb-8e63-4016-9994-706f81570549,175.2,Groceries,2026-03-02,2026-03-23 12:36:40.550609+00
4791f8fd-e742-4c09-b358-6238688c997b,8fda9f64-eb6d-4edf-96f2-0e92076e1607,dfe79feb-8e63-4016-9994-706f81570549,40,Dinner,2025-11-25,2026-03-23 12:36:40.550609+00
496f9609-fa01-46c5-9559-d8cc30fe8408,8fda9f64-eb6d-4edf-96f2-0e92076e1607,9d500dc7-0fc5-47b5-bf3b-1d5f57982793,100,Auto,2025-11-13,2026-03-24 15:47:18.801908+00
4997bc0c-9a15-4051-854b-6e5a5e70f0cc,8fda9f64-eb6d-4edf-96f2-0e92076e1607,dfe79feb-8e63-4016-9994-706f81570549,145,Dinner,2025-10-25,2026-03-24 15:40:06.105203+00
4a4bd06b-12fe-4592-90b2-01523099abc8,8fda9f64-eb6d-4edf-96f2-0e92076e1607,9d500dc7-0fc5-47b5-bf3b-1d5f57982793,47,Auto,2025-10-20,2026-03-24 15:39:33.088394+00
4b2face0-d36e-4ce9-b570-da692a2d9529,8fda9f64-eb6d-4edf-96f2-0e92076e1607,dfe79feb-8e63-4016-9994-706f81570549,45,Dinner,2025-12-23,2026-03-23 12:36:40.550609+00
4bd73f8f-555c-4e47-b7b9-693829b24927,8fda9f64-eb6d-4edf-96f2-0e92076e1607,9d500dc7-0fc5-47b5-bf3b-1d5f57982793,100,Auto,2025-10-13,2026-03-24 15:46:45.906116+00
4bfd6070-078c-4b59-bec1-2e303e18a787,8fda9f64-eb6d-4edf-96f2-0e92076e1607,9d500dc7-0fc5-47b5-bf3b-1d5f57982793,42,Auto,2025-11-03,2026-03-24 15:39:33.088394+00
4c4bc48d-226d-498d-b441-338655166c4c,8fda9f64-eb6d-4edf-96f2-0e92076e1607,dfe79feb-8e63-4016-9994-706f81570549,194,Dinner,2025-11-06,2026-03-24 15:40:06.105203+00
4c9356d0-a3fa-4056-bb3f-275c7b8ab39f,8fda9f64-eb6d-4edf-96f2-0e92076e1607,9d500dc7-0fc5-47b5-bf3b-1d5f57982793,100,Auto,2026-02-25,2026-03-24 15:48:46.615497+00
4d88e5dd-f803-4f22-8642-a13b60660b69,8fda9f64-eb6d-4edf-96f2-0e92076e1607,dfe79feb-8e63-4016-9994-706f81570549,227,Dinner,2026-01-16,2026-03-24 15:40:06.105203+00
4e0267bb-0199-4ef4-9621-daddfa46c24e,8fda9f64-eb6d-4edf-96f2-0e92076e1607,dfe79feb-8e63-4016-9994-706f81570549,254,Dinner,2025-12-22,2026-03-24 15:40:06.105203+00
4e200aca-2fa8-4ac5-93ae-4d451251e59c,8fda9f64-eb6d-4edf-96f2-0e92076e1607,9d500dc7-0fc5-47b5-bf3b-1d5f57982793,100,Auto,2025-12-13,2026-03-24 15:47:43.914809+00
4e9984ef-4f66-4c57-8e7c-31577f598da9,8fda9f64-eb6d-4edf-96f2-0e92076e1607,9d500dc7-0fc5-47b5-bf3b-1d5f57982793,100,Auto,2025-12-14,2026-03-24 15:47:43.914809+00
4f3e459c-1f27-4c45-a367-8c7e4014eec4,8fda9f64-eb6d-4edf-96f2-0e92076e1607,9d500dc7-0fc5-47b5-bf3b-1d5f57982793,30,Bus,2026-03-18,2026-03-23 12:36:40.550609+00
4ffc1743-4bcd-4705-9b6d-06467bd1d68f,8fda9f64-eb6d-4edf-96f2-0e92076e1607,9d500dc7-0fc5-47b5-bf3b-1d5f57982793,100,Auto,2025-11-03,2026-03-24 15:47:18.801908+00
50787709-3881-480e-bbc0-04e333f72c77,8fda9f64-eb6d-4edf-96f2-0e92076e1607,9d500dc7-0fc5-47b5-bf3b-1d5f57982793,100,Auto,2026-03-22,2026-03-24 15:48:59.062415+00
50f07593-f8bf-4099-8a3b-49bdd3d4a714,8fda9f64-eb6d-4edf-96f2-0e92076e1607,9d500dc7-0fc5-47b5-bf3b-1d5f57982793,43,Auto,2025-11-27,2026-03-24 15:39:33.088394+00
51734cd2-f8d1-4072-b3c1-1fd25013b46e,8fda9f64-eb6d-4edf-96f2-0e92076e1607,9d500dc7-0fc5-47b5-bf3b-1d5f57982793,50,Metro,2026-01-03,2026-03-23 12:36:40.550609+00
525d05b0-9851-4803-91d7-ce0d4f043a94,8fda9f64-eb6d-4edf-96f2-0e92076e1607,dfe79feb-8e63-4016-9994-706f81570549,187,Lunch,2025-11-12,2026-03-24 15:40:06.105203+00
525fcbd5-bfe7-44f2-b81d-2171e66c2e9f,8fda9f64-eb6d-4edf-96f2-0e92076e1607,f3bccc52-435d-4fec-bb68-8ce687e665eb,8000,Rent,2026-03-01,2026-03-24 15:35:20.377834+00
5340c539-b304-434a-8d5b-49bd29bffb99,8fda9f64-eb6d-4edf-96f2-0e92076e1607,9d500dc7-0fc5-47b5-bf3b-1d5f57982793,100,Auto,2025-11-27,2026-03-24 15:47:18.801908+00
5378b6b9-2e88-4fd9-bc47-2db7f7633601,8fda9f64-eb6d-4edf-96f2-0e92076e1607,9d500dc7-0fc5-47b5-bf3b-1d5f57982793,57,Auto,2025-11-25,2026-03-24 15:39:33.088394+00
53d90ba1-d963-487b-9368-f356eb32134b,8fda9f64-eb6d-4edf-96f2-0e92076e1607,9d500dc7-0fc5-47b5-bf3b-1d5f57982793,43,Auto,2025-12-18,2026-03-24 15:39:33.088394+00
556a03ea-551e-4073-b603-26e74985f360,8fda9f64-eb6d-4edf-96f2-0e92076e1607,9d500dc7-0fc5-47b5-bf3b-1d5f57982793,43,Auto,2025-10-27,2026-03-24 15:39:33.088394+00
57de4967-6b7f-4a20-ba70-8ee69dba7073,8fda9f64-eb6d-4edf-96f2-0e92076e1607,dfe79feb-8e63-4016-9994-706f81570549,9,Coffee,2026-03-15,2026-03-23 12:36:40.550609+00
586a1568-aa29-4fd1-aea4-668a6efb4016,8fda9f64-eb6d-4edf-96f2-0e92076e1607,dfe79feb-8e63-4016-9994-706f81570549,210,Lunch,2026-01-28,2026-03-24 15:40:06.105203+00
59ef6b3d-b223-40e6-a856-b77a6014438b,8fda9f64-eb6d-4edf-96f2-0e92076e1607,9d500dc7-0fc5-47b5-bf3b-1d5f57982793,100,Auto,2025-11-09,2026-03-24 15:47:18.801908+00
5a4fa5ed-1c59-4881-82e4-e17bd35d879d,8fda9f64-eb6d-4edf-96f2-0e92076e1607,dfe79feb-8e63-4016-9994-706f81570549,250,Dinner,2026-01-19,2026-03-24 15:40:06.105203+00
5b592832-ba53-4146-8d0b-dc16b438233a,8fda9f64-eb6d-4edf-96f2-0e92076e1607,9d500dc7-0fc5-47b5-bf3b-1d5f57982793,100,Auto,2025-10-25,2026-03-24 15:46:45.906116+00
5ba93c6d-b614-49fd-8df0-8e5dc7800df4,8fda9f64-eb6d-4edf-96f2-0e92076e1607,9d500dc7-0fc5-47b5-bf3b-1d5f57982793,100,Auto,2025-12-25,2026-03-24 15:47:43.914809+00
5c5d830b-6ec2-40c8-b758-62b3b12b8d50,8fda9f64-eb6d-4edf-96f2-0e92076e1607,9d500dc7-0fc5-47b5-bf3b-1d5f57982793,43,Auto,2025-11-09,2026-03-24 15:39:33.088394+00
5c6e6bb0-de3b-4862-b22f-f8cee4c8004e,8fda9f64-eb6d-4edf-96f2-0e92076e1607,9d500dc7-0fc5-47b5-bf3b-1d5f57982793,100,Auto,2025-10-07,2026-03-24 15:46:45.906116+00
5e7c514c-4221-427a-b8a9-8b296add64fc,8fda9f64-eb6d-4edf-96f2-0e92076e1607,9d500dc7-0fc5-47b5-bf3b-1d5f57982793,100,Auto,2025-12-30,2026-03-24 15:47:43.914809+00
5e8de4ce-2206-4e61-9729-9ef19fa93318,8fda9f64-eb6d-4edf-96f2-0e92076e1607,9d500dc7-0fc5-47b5-bf3b-1d5f57982793,100,Auto,2026-02-16,2026-03-24 15:48:46.615497+00
5eaccfa7-9103-44f4-8790-d99d6814d9af,8fda9f64-eb6d-4edf-96f2-0e92076e1607,9d500dc7-0fc5-47b5-bf3b-1d5f57982793,100,Auto,2025-10-24,2026-03-24 15:46:45.906116+00
5efb4dd2-0d9e-4d2d-91c0-7d42fec0b0cb,8fda9f64-eb6d-4edf-96f2-0e92076e1607,f3bccc52-435d-4fec-bb68-8ce687e665eb,8000,Rent,2025-10-01,2026-03-24 15:35:20.377834+00
5f745338-f5f3-44df-888b-8773584bfc57,8fda9f64-eb6d-4edf-96f2-0e92076e1607,9d500dc7-0fc5-47b5-bf3b-1d5f57982793,51,Auto,2025-11-07,2026-03-24 15:39:33.088394+00
5faabd9c-0b4c-4be4-ab0f-ba1dbf35b340,8fda9f64-eb6d-4edf-96f2-0e92076e1607,dfe79feb-8e63-4016-9994-706f81570549,189,Lunch,2026-02-05,2026-03-24 15:40:06.105203+00
606ce17d-8a68-4821-b8a9-38474212ae21,8fda9f64-eb6d-4edf-96f2-0e92076e1607,9d500dc7-0fc5-47b5-bf3b-1d5f57982793,100,Auto,2025-10-19,2026-03-24 15:46:45.906116+00
61bfee24-7c0c-4a08-a407-73de51b7a4dc,8fda9f64-eb6d-4edf-96f2-0e92076e1607,9d500dc7-0fc5-47b5-bf3b-1d5f57982793,100,Auto,2025-12-07,2026-03-24 15:47:43.914809+00
62e46c9a-ef78-49dc-9e3a-22a69c456291,8fda9f64-eb6d-4edf-96f2-0e92076e1607,9d500dc7-0fc5-47b5-bf3b-1d5f57982793,62,Taxi,2026-01-18,2026-03-23 12:36:40.550609+00
630f8f86-5e8f-4c92-8816-2cd7a29a0e07,8fda9f64-eb6d-4edf-96f2-0e92076e1607,9d500dc7-0fc5-47b5-bf3b-1d5f57982793,100,Auto,2025-10-08,2026-03-24 15:46:45.906116+00
63468a6d-f50f-4a90-a64d-eb5df9490aeb,8fda9f64-eb6d-4edf-96f2-0e92076e1607,3e320471-accc-4b94-b4e6-1a2d853d51a1,2000,New Year Party,2025-12-31,2026-03-24 15:31:22.708467+00
63e5af6c-e492-4a34-92bd-7c9bb9ec2fc8,8fda9f64-eb6d-4edf-96f2-0e92076e1607,9d500dc7-0fc5-47b5-bf3b-1d5f57982793,56,Auto,2025-11-08,2026-03-24 15:39:33.088394+00
6436f513-d407-412e-bec5-cb22bf8f49de,8fda9f64-eb6d-4edf-96f2-0e92076e1607,dfe79feb-8e63-4016-9994-706f81570549,125,Lunch,2025-10-19,2026-03-24 15:40:06.105203+00
645bd244-91bc-4aa4-881f-c50fe38caf54,8fda9f64-eb6d-4edf-96f2-0e92076e1607,a4615ed1-a622-4ba1-9527-99a2f99ece5b,150,Impulse Buy,2025-11-07,2026-03-24 15:31:22.708467+00
647ec03d-3e43-4077-9965-dac43efa3a1c,8fda9f64-eb6d-4edf-96f2-0e92076e1607,f3bccc52-435d-4fec-bb68-8ce687e665eb,82.1,Electricity Bill,2025-10-08,2026-03-23 12:36:40.550609+00
65ae106c-c4d3-46ea-b656-0c6357ecf9d3,8fda9f64-eb6d-4edf-96f2-0e92076e1607,9d500dc7-0fc5-47b5-bf3b-1d5f57982793,100,Auto,2026-02-15,2026-03-24 15:48:46.615497+00
665fc5dc-06e5-427c-a672-a49608097df4,8fda9f64-eb6d-4edf-96f2-0e92076e1607,9d500dc7-0fc5-47b5-bf3b-1d5f57982793,100,Auto,2026-01-05,2026-03-24 15:48:21.825061+00
66a6bd06-792b-4ddc-9206-22f5ad88eb6f,8fda9f64-eb6d-4edf-96f2-0e92076e1607,dfe79feb-8e63-4016-9994-706f81570549,165.75,Groceries,2026-02-01,2026-03-23 12:36:40.550609+00
68bc933d-e2d2-47af-a4dd-4d3dd7cac43f,8fda9f64-eb6d-4edf-96f2-0e92076e1607,9d500dc7-0fc5-47b5-bf3b-1d5f57982793,100,Auto,2026-01-26,2026-03-24 15:48:21.825061+00
69093610-0567-44bc-8b7c-7baee93ef4d5,8fda9f64-eb6d-4edf-96f2-0e92076e1607,9d500dc7-0fc5-47b5-bf3b-1d5f57982793,51,Auto,2025-10-19,2026-03-24 15:39:33.088394+00
6a1734fe-8e34-416b-8185-68a29943f35e,8fda9f64-eb6d-4edf-96f2-0e92076e1607,dfe79feb-8e63-4016-9994-706f81570549,273,Lunch,2026-01-18,2026-03-24 15:40:06.105203+00
6a35437f-88a3-476c-a7b7-b11e8a3a5f6e,8fda9f64-eb6d-4edf-96f2-0e92076e1607,dfe79feb-8e63-4016-9994-706f81570549,162,Lunch,2025-12-20,2026-03-24 15:40:06.105203+00
6aad1524-a414-4594-b87b-54354996fa65,8fda9f64-eb6d-4edf-96f2-0e92076e1607,dfe79feb-8e63-4016-9994-706f81570549,263,Lunch,2025-10-07,2026-03-24 15:40:06.105203+00
6b506eb0-1a76-4837-b2c1-a9ef9e31a7de,8fda9f64-eb6d-4edf-96f2-0e92076e1607,dfe79feb-8e63-4016-9994-706f81570549,253,Lunch,2026-02-02,2026-03-24 15:40:06.105203+00
6b5de505-a4ed-4a8b-b716-c1b2c1c9c606,8fda9f64-eb6d-4edf-96f2-0e92076e1607,9d500dc7-0fc5-47b5-bf3b-1d5f57982793,100,Auto,2026-01-06,2026-03-24 15:48:21.825061+00
6ba06324-3876-41b6-adf2-a9f00d7abadc,8fda9f64-eb6d-4edf-96f2-0e92076e1607,dfe79feb-8e63-4016-9994-706f81570549,158,Lunch,2026-02-14,2026-03-24 15:40:06.105203+00
6c2042ba-27b2-4b81-92ac-072aa5747952,8fda9f64-eb6d-4edf-96f2-0e92076e1607,dfe79feb-8e63-4016-9994-706f81570549,124,Lunch,2025-11-05,2026-03-24 15:40:06.105203+00
6c38d74f-81f8-4ebe-94b4-ecc9e2b9c34f,8fda9f64-eb6d-4edf-96f2-0e92076e1607,9d500dc7-0fc5-47b5-bf3b-1d5f57982793,44,Auto,2025-10-04,2026-03-24 15:39:33.088394+00
6cc8c212-cbe0-4ba8-93fe-a1afbd285ac2,8fda9f64-eb6d-4edf-96f2-0e92076e1607,dfe79feb-8e63-4016-9994-706f81570549,155.3,Groceries,2026-01-02,2026-03-23 12:36:40.550609+00
6ccfc568-c39f-4763-aa69-99e54d693e45,8fda9f64-eb6d-4edf-96f2-0e92076e1607,dfe79feb-8e63-4016-9994-706f81570549,94,Dinner,2025-12-02,2026-03-24 15:40:06.105203+00
6cda8346-d652-4590-8516-748cfdde4682,8fda9f64-eb6d-4edf-96f2-0e92076e1607,dfe79feb-8e63-4016-9994-706f81570549,8.4,Coffee,2025-10-12,2026-03-23 12:36:40.550609+00
6d2c2c9e-b5b3-47f0-a3e2-f865e36f2dbf,8fda9f64-eb6d-4edf-96f2-0e92076e1607,9d500dc7-0fc5-47b5-bf3b-1d5f57982793,100,Auto,2026-01-29,2026-03-24 15:48:21.825061+00
6d479c27-6795-460a-ac70-4150d37b3244,8fda9f64-eb6d-4edf-96f2-0e92076e1607,9d500dc7-0fc5-47b5-bf3b-1d5f57982793,100,Auto,2026-03-08,2026-03-24 15:48:59.062415+00
6d60d8d1-6134-40d5-a0f2-11b3ad64f75f,8fda9f64-eb6d-4edf-96f2-0e92076e1607,dfe79feb-8e63-4016-9994-706f81570549,213,Lunch,2025-12-13,2026-03-24 15:40:06.105203+00
6dcb9019-eafd-4971-868c-e986e9c671dd,8fda9f64-eb6d-4edf-96f2-0e92076e1607,f3bccc52-435d-4fec-bb68-8ce687e665eb,8000,Rent,2026-02-01,2026-03-24 15:35:20.377834+00
6de5a880-66f5-477b-9b43-c921dbf64919,8fda9f64-eb6d-4edf-96f2-0e92076e1607,9d500dc7-0fc5-47b5-bf3b-1d5f57982793,53,Auto,2026-01-04,2026-03-24 15:39:33.088394+00
6e041f48-5897-495c-b174-efc6c9bc0e21,8fda9f64-eb6d-4edf-96f2-0e92076e1607,9d500dc7-0fc5-47b5-bf3b-1d5f57982793,54,Auto,2025-12-27,2026-03-24 15:39:33.088394+00
6e05fd78-859e-4bd2-aaa2-702ae9742a13,8fda9f64-eb6d-4edf-96f2-0e92076e1607,9d500dc7-0fc5-47b5-bf3b-1d5f57982793,60,Auto,2025-11-21,2026-03-24 15:39:33.088394+00
6ee2f6c2-87dd-457d-8f7b-11ca42ccc92d,8fda9f64-eb6d-4edf-96f2-0e92076e1607,dfe79feb-8e63-4016-9994-706f81570549,140.9,Groceries,2025-12-02,2026-03-23 12:36:40.550609+00
6fd1ef7e-34da-457a-8435-7b4c180f156f,8fda9f64-eb6d-4edf-96f2-0e92076e1607,9d500dc7-0fc5-47b5-bf3b-1d5f57982793,100,Auto,2025-12-10,2026-03-24 15:47:43.914809+00
6fe50fec-d647-4c95-ae1b-969023398e79,8fda9f64-eb6d-4edf-96f2-0e92076e1607,9d500dc7-0fc5-47b5-bf3b-1d5f57982793,100,Auto,2026-03-06,2026-03-24 15:48:59.062415+00
701302e7-423d-4f12-bf39-5bd50aaa03f9,8fda9f64-eb6d-4edf-96f2-0e92076e1607,dfe79feb-8e63-4016-9994-706f81570549,259,Dinner,2026-01-20,2026-03-24 15:40:06.105203+00
7049d827-1856-4c81-bc6c-4baa9afa4af3,8fda9f64-eb6d-4edf-96f2-0e92076e1607,9d500dc7-0fc5-47b5-bf3b-1d5f57982793,100,Auto,2026-01-21,2026-03-24 15:48:21.825061+00
70b945c8-5265-4aca-85ee-85f7387d1f2b,8fda9f64-eb6d-4edf-96f2-0e92076e1607,9d500dc7-0fc5-47b5-bf3b-1d5f57982793,100,Auto,2025-12-27,2026-03-24 15:47:43.914809+00
70d76f03-0aba-45ae-8c4a-adbe2bd39d00,8fda9f64-eb6d-4edf-96f2-0e92076e1607,9d500dc7-0fc5-47b5-bf3b-1d5f57982793,52,Auto,2025-11-20,2026-03-24 15:39:33.088394+00
7243b145-e8a6-43bc-b8d1-c0e132b7efbb,8fda9f64-eb6d-4edf-96f2-0e92076e1607,9d500dc7-0fc5-47b5-bf3b-1d5f57982793,100,Auto,2025-11-23,2026-03-24 15:47:18.801908+00
72db0d42-9435-40d4-92f8-9fa35edfbbbb,8fda9f64-eb6d-4edf-96f2-0e92076e1607,9d500dc7-0fc5-47b5-bf3b-1d5f57982793,100,Auto,2026-01-18,2026-03-24 15:48:21.825061+00
7479a15f-bd50-421a-9094-41fc1ee3bd6b,8fda9f64-eb6d-4edf-96f2-0e92076e1607,9d500dc7-0fc5-47b5-bf3b-1d5f57982793,58,Auto,2025-11-10,2026-03-24 15:39:33.088394+00
7494cdc9-abe3-440a-b0bd-41b5f1f6cfb2,8fda9f64-eb6d-4edf-96f2-0e92076e1607,dfe79feb-8e63-4016-9994-706f81570549,139,Dinner,2025-11-30,2026-03-24 15:40:06.105203+00
749b6158-b702-4b9d-bc59-0e823938090b,8fda9f64-eb6d-4edf-96f2-0e92076e1607,dfe79feb-8e63-4016-9994-706f81570549,181,Lunch,2026-01-21,2026-03-24 15:40:06.105203+00
753eb04e-fa9c-4712-8e8d-d5d6a8e368e6,8fda9f64-eb6d-4edf-96f2-0e92076e1607,3e320471-accc-4b94-b4e6-1a2d853d51a1,19.99,Streaming,2026-01-05,2026-03-23 12:36:40.550609+00
75abfba7-bfcd-4b82-ad73-8c4011176708,8fda9f64-eb6d-4edf-96f2-0e92076e1607,f3bccc52-435d-4fec-bb68-8ce687e665eb,8000,Rent,2026-01-01,2026-03-24 15:35:20.377834+00
76d1cdcf-b23b-46ab-8c30-a80c12e3e94f,8fda9f64-eb6d-4edf-96f2-0e92076e1607,9d500dc7-0fc5-47b5-bf3b-1d5f57982793,100,Auto,2026-03-19,2026-03-24 15:48:59.062415+00
782714e0-b9f3-4df9-98ec-0ca72f95aefd,8fda9f64-eb6d-4edf-96f2-0e92076e1607,dfe79feb-8e63-4016-9994-706f81570549,161,Lunch,2025-10-14,2026-03-24 15:40:06.105203+00
7832e06d-c80a-478c-8b7d-5196f2fcb634,8fda9f64-eb6d-4edf-96f2-0e92076e1607,9d500dc7-0fc5-47b5-bf3b-1d5f57982793,100,Auto,2025-12-09,2026-03-24 15:47:43.914809+00
784614d7-c4eb-47bd-8017-3c76ab9153f9,8fda9f64-eb6d-4edf-96f2-0e92076e1607,dfe79feb-8e63-4016-9994-706f81570549,106,Dinner,2025-11-17,2026-03-24 15:40:06.105203+00
787975ba-4c63-499b-96d0-29c688266bc7,8fda9f64-eb6d-4edf-96f2-0e92076e1607,9d500dc7-0fc5-47b5-bf3b-1d5f57982793,100,Auto,2026-03-28,2026-03-24 15:48:59.062415+00
78effa92-5816-4bfc-b13d-f65bdc87fe13,8fda9f64-eb6d-4edf-96f2-0e92076e1607,9d500dc7-0fc5-47b5-bf3b-1d5f57982793,100,Auto,2025-11-16,2026-03-24 15:47:18.801908+00
7ae0d70f-fb8d-4c70-adff-b491497bc19d,8fda9f64-eb6d-4edf-96f2-0e92076e1607,dfe79feb-8e63-4016-9994-706f81570549,127,Dinner,2026-02-08,2026-03-24 15:40:06.105203+00
7b849f51-3253-4268-aca4-4b03a0282fb5,8fda9f64-eb6d-4edf-96f2-0e92076e1607,9d500dc7-0fc5-47b5-bf3b-1d5f57982793,100,Auto,2026-01-16,2026-03-24 15:48:21.825061+00
7c47a26b-2ead-434d-a118-7ef494f05a13,8fda9f64-eb6d-4edf-96f2-0e92076e1607,9d500dc7-0fc5-47b5-bf3b-1d5f57982793,100,Auto,2026-01-27,2026-03-24 15:48:21.825061+00
7c4f1e50-03aa-4b19-94a4-223382247de1,8fda9f64-eb6d-4edf-96f2-0e92076e1607,dfe79feb-8e63-4016-9994-706f81570549,160,Dinner,2025-12-04,2026-03-24 15:40:06.105203+00
7c6b8fa9-dd1f-4428-a918-915693001b13,8fda9f64-eb6d-4edf-96f2-0e92076e1607,9d500dc7-0fc5-47b5-bf3b-1d5f57982793,43,Auto,2025-11-02,2026-03-24 15:39:33.088394+00
7cd3dc68-05e4-47e5-a2a2-2811da140ba9,8fda9f64-eb6d-4edf-96f2-0e92076e1607,9d500dc7-0fc5-47b5-bf3b-1d5f57982793,100,Auto,2025-12-11,2026-03-24 15:47:43.914809+00
7d061de0-f8ea-4756-adf3-094c62a0a684,8fda9f64-eb6d-4edf-96f2-0e92076e1607,dfe79feb-8e63-4016-9994-706f81570549,87,Dinner,2025-10-08,2026-03-24 15:40:06.105203+00
7e85dda7-59c1-49e9-b176-84021770dab1,8fda9f64-eb6d-4edf-96f2-0e92076e1607,9d500dc7-0fc5-47b5-bf3b-1d5f57982793,59,Auto,2025-10-30,2026-03-24 15:39:33.088394+00
7f979ee6-0893-4427-8c5a-01b8ff5d1ce9,8fda9f64-eb6d-4edf-96f2-0e92076e1607,9d500dc7-0fc5-47b5-bf3b-1d5f57982793,100,Auto,2026-01-19,2026-03-24 15:48:21.825061+00
7ffdf4e7-7a64-4366-9475-c05e22f74594,8fda9f64-eb6d-4edf-96f2-0e92076e1607,9d500dc7-0fc5-47b5-bf3b-1d5f57982793,44,Auto,2025-12-22,2026-03-24 15:39:33.088394+00
81c67f58-effc-4a60-8535-0b9000be9d18,8fda9f64-eb6d-4edf-96f2-0e92076e1607,9d500dc7-0fc5-47b5-bf3b-1d5f57982793,100,Auto,2025-12-24,2026-03-24 15:47:43.914809+00
81d720b2-3ef7-4583-9133-fbfc83f5791b,8fda9f64-eb6d-4edf-96f2-0e92076e1607,9d500dc7-0fc5-47b5-bf3b-1d5f57982793,46,Auto,2025-10-12,2026-03-24 15:39:33.088394+00
82b355d0-21f2-49e1-86c1-ac76edc58453,8fda9f64-eb6d-4edf-96f2-0e92076e1607,dfe79feb-8e63-4016-9994-706f81570549,276,Dinner,2025-10-20,2026-03-24 15:40:06.105203+00
82f26f3c-9706-427c-ad51-caa648b1cfa7,8fda9f64-eb6d-4edf-96f2-0e92076e1607,dfe79feb-8e63-4016-9994-706f81570549,90,Snacks,2025-11-02,2026-03-24 15:31:22.708467+00
83a51a1f-c874-4b1d-b435-f193a7f34688,8fda9f64-eb6d-4edf-96f2-0e92076e1607,dfe79feb-8e63-4016-9994-706f81570549,168,Dinner,2026-02-21,2026-03-24 15:40:06.105203+00
85a047a7-42fb-4a8a-967f-934be8699f2e,8fda9f64-eb6d-4edf-96f2-0e92076e1607,9d500dc7-0fc5-47b5-bf3b-1d5f57982793,100,Auto,2025-11-17,2026-03-24 15:47:18.801908+00
8647894c-ba70-4e0f-9caa-29aeb9457274,8fda9f64-eb6d-4edf-96f2-0e92076e1607,9d500dc7-0fc5-47b5-bf3b-1d5f57982793,50,Auto,2025-12-07,2026-03-24 15:31:22.708467+00
86c3d38c-6e6e-4ad6-9cde-eb26179f0c94,8fda9f64-eb6d-4edf-96f2-0e92076e1607,9d500dc7-0fc5-47b5-bf3b-1d5f57982793,100,Auto,2025-10-20,2026-03-24 15:46:45.906116+00
86f88e73-b7d2-4e36-a32a-d1d6c44c275b,8fda9f64-eb6d-4edf-96f2-0e92076e1607,dfe79feb-8e63-4016-9994-706f81570549,159,Lunch,2025-10-28,2026-03-24 15:40:06.105203+00
8726c62e-d8ea-409a-8b62-95cb2ea700f2,8fda9f64-eb6d-4edf-96f2-0e92076e1607,9d500dc7-0fc5-47b5-bf3b-1d5f57982793,100,Auto,2025-10-30,2026-03-24 15:46:45.906116+00
88ad4472-d354-4bdc-8269-48b9969342e4,8fda9f64-eb6d-4edf-96f2-0e92076e1607,9d500dc7-0fc5-47b5-bf3b-1d5f57982793,100,Auto,2026-03-10,2026-03-24 15:48:59.062415+00
88b63af2-f7a8-477a-a98d-17b7148c26b9,8fda9f64-eb6d-4edf-96f2-0e92076e1607,9d500dc7-0fc5-47b5-bf3b-1d5f57982793,100,Auto,2026-03-14,2026-03-24 15:48:59.062415+00
88dbad92-a0f6-46d0-8f50-5dccef707a50,8fda9f64-eb6d-4edf-96f2-0e92076e1607,9d500dc7-0fc5-47b5-bf3b-1d5f57982793,43,Auto,2025-12-21,2026-03-24 15:39:33.088394+00
89245ac4-2a11-4b49-a3f6-bcaa18a5132d,8fda9f64-eb6d-4edf-96f2-0e92076e1607,9d500dc7-0fc5-47b5-bf3b-1d5f57982793,100,Auto,2026-02-05,2026-03-24 15:48:46.615497+00
89b1079d-f7a5-4672-a4d8-9988b9e21037,8fda9f64-eb6d-4edf-96f2-0e92076e1607,9d500dc7-0fc5-47b5-bf3b-1d5f57982793,22.5,Bus,2025-11-02,2026-03-23 12:36:40.550609+00
8a810492-99b9-431f-99eb-924aaeeb8013,8fda9f64-eb6d-4edf-96f2-0e92076e1607,f3bccc52-435d-4fec-bb68-8ce687e665eb,8000,Rent,2025-11-01,2026-03-24 15:35:20.377834+00
8b1cc72c-0cfd-4f21-adb1-bbe9192d64d1,8fda9f64-eb6d-4edf-96f2-0e92076e1607,9d500dc7-0fc5-47b5-bf3b-1d5f57982793,100,Auto,2026-03-03,2026-03-24 15:48:59.062415+00
8b63d14e-eeea-41fe-b35a-e0f9a130d1e6,8fda9f64-eb6d-4edf-96f2-0e92076e1607,dfe79feb-8e63-4016-9994-706f81570549,193,Lunch,2026-03-01,2026-03-24 15:40:06.105203+00
8be25274-08fe-4c07-b30e-dab12c0e9830,8fda9f64-eb6d-4edf-96f2-0e92076e1607,dfe79feb-8e63-4016-9994-706f81570549,12.75,Snacks,2025-10-04,2026-03-23 12:36:40.550609+00
8c42b470-3452-4c49-bf06-cd22bdc9f3b0,8fda9f64-eb6d-4edf-96f2-0e92076e1607,9d500dc7-0fc5-47b5-bf3b-1d5f57982793,41,Auto,2025-11-18,2026-03-24 15:39:33.088394+00
8c68a619-5998-4b2b-a66f-11aa0c66b9cc,8fda9f64-eb6d-4edf-96f2-0e92076e1607,9d500dc7-0fc5-47b5-bf3b-1d5f57982793,35,Bus,2026-02-02,2026-03-23 12:36:40.550609+00
8d2d3dd5-1f33-40b4-8d2f-1065d529d6e1,8fda9f64-eb6d-4edf-96f2-0e92076e1607,9d500dc7-0fc5-47b5-bf3b-1d5f57982793,44,Auto,2025-12-17,2026-03-24 15:39:33.088394+00
8e93ba53-e411-4c56-b42c-671a5110f358,8fda9f64-eb6d-4edf-96f2-0e92076e1607,a4615ed1-a622-4ba1-9527-99a2f99ece5b,28,Misc,2026-01-22,2026-03-23 12:36:40.550609+00
8f725064-5776-4f44-88f8-f1da05fe9064,8fda9f64-eb6d-4edf-96f2-0e92076e1607,9d500dc7-0fc5-47b5-bf3b-1d5f57982793,100,Auto,2026-03-11,2026-03-24 15:48:59.062415+00
901d9428-71ee-471c-a61f-c585e5a8ca7b,8fda9f64-eb6d-4edf-96f2-0e92076e1607,9d500dc7-0fc5-47b5-bf3b-1d5f57982793,100,Auto,2025-10-09,2026-03-24 15:46:45.906116+00
901db432-897d-497b-987d-2e2eceabfbdb,8fda9f64-eb6d-4edf-96f2-0e92076e1607,9d500dc7-0fc5-47b5-bf3b-1d5f57982793,100,Auto,2025-12-29,2026-03-24 15:47:43.914809+00
924d29e9-de97-4196-b2ca-3c52243330a9,8fda9f64-eb6d-4edf-96f2-0e92076e1607,9d500dc7-0fc5-47b5-bf3b-1d5f57982793,100,Auto,2025-11-15,2026-03-24 15:47:18.801908+00
927b825f-ec31-4c18-b92e-916bd141ca61,8fda9f64-eb6d-4edf-96f2-0e92076e1607,9d500dc7-0fc5-47b5-bf3b-1d5f57982793,100,Auto,2025-10-21,2026-03-24 15:46:45.906116+00
9528a685-77f5-45bb-8a18-cfd59b355ae4,8fda9f64-eb6d-4edf-96f2-0e92076e1607,9d500dc7-0fc5-47b5-bf3b-1d5f57982793,100,Auto,2026-01-15,2026-03-24 15:48:21.825061+00
952f931d-741f-4000-8e5f-c43ce4241a70,8fda9f64-eb6d-4edf-96f2-0e92076e1607,dfe79feb-8e63-4016-9994-706f81570549,239,Dinner,2025-11-28,2026-03-24 15:40:06.105203+00
95666634-36ac-4bd7-b3e7-d5be97ab6090,8fda9f64-eb6d-4edf-96f2-0e92076e1607,9d500dc7-0fc5-47b5-bf3b-1d5f57982793,44,Auto,2026-01-03,2026-03-24 15:39:33.088394+00
95b362a3-5039-48cc-9c59-bd770baad500,8fda9f64-eb6d-4edf-96f2-0e92076e1607,9d500dc7-0fc5-47b5-bf3b-1d5f57982793,100,Auto,2025-12-12,2026-03-24 15:47:43.914809+00
96a018e9-b161-4caf-b262-1c7b48fcbdb1,8fda9f64-eb6d-4edf-96f2-0e92076e1607,dfe79feb-8e63-4016-9994-706f81570549,257,Dinner,2026-01-25,2026-03-24 15:40:06.105203+00
96a31304-1434-48d9-8ffb-b2377b0a0aa8,8fda9f64-eb6d-4edf-96f2-0e92076e1607,dfe79feb-8e63-4016-9994-706f81570549,138,Dinner,2026-02-03,2026-03-24 15:40:06.105203+00
97620985-abf9-4cf5-b847-f4ff9fa40a93,8fda9f64-eb6d-4edf-96f2-0e92076e1607,9d500dc7-0fc5-47b5-bf3b-1d5f57982793,100,Auto,2025-10-05,2026-03-24 15:46:45.906116+00
97a3b865-c7ad-449c-9e76-7d25813c1b49,8fda9f64-eb6d-4edf-96f2-0e92076e1607,9d500dc7-0fc5-47b5-bf3b-1d5f57982793,100,Auto,2025-11-30,2026-03-24 15:47:18.801908+00
97a587aa-7eba-4d6d-baa1-345e981d6113,8fda9f64-eb6d-4edf-96f2-0e92076e1607,9d500dc7-0fc5-47b5-bf3b-1d5f57982793,60,Auto,2025-11-06,2026-03-24 15:31:22.708467+00
97e5eaf9-97a8-4d88-87fb-91777062122a,8fda9f64-eb6d-4edf-96f2-0e92076e1607,113225e0-523b-4f3c-af5e-3b1bfc17b202,110,Accessories,2026-01-10,2026-03-23 12:36:40.550609+00
98248622-8966-4d64-af1b-da88f8eda5a3,8fda9f64-eb6d-4edf-96f2-0e92076e1607,9d500dc7-0fc5-47b5-bf3b-1d5f57982793,56,Auto,2025-12-12,2026-03-24 15:39:33.088394+00
98590d70-fa66-4bc3-ae12-8d502dc1754f,8fda9f64-eb6d-4edf-96f2-0e92076e1607,9d500dc7-0fc5-47b5-bf3b-1d5f57982793,100,Auto,2026-02-24,2026-03-24 15:48:46.615497+00
98b1053d-f5e0-4dbc-93b3-8a239839b1ce,8fda9f64-eb6d-4edf-96f2-0e92076e1607,9d500dc7-0fc5-47b5-bf3b-1d5f57982793,100,Auto,2026-01-22,2026-03-24 15:48:21.825061+00
98f8e91e-577b-4dbd-a789-5a764e92f389,8fda9f64-eb6d-4edf-96f2-0e92076e1607,9d500dc7-0fc5-47b5-bf3b-1d5f57982793,100,Auto,2026-02-10,2026-03-24 15:48:46.615497+00
994e0b4c-efb7-4b6c-9166-3e0edb8ffb5b,8fda9f64-eb6d-4edf-96f2-0e92076e1607,dfe79feb-8e63-4016-9994-706f81570549,218,Lunch,2025-10-05,2026-03-24 15:40:06.105203+00
9a1506a5-2cb7-439d-841b-dc2666767b78,8fda9f64-eb6d-4edf-96f2-0e92076e1607,dfe79feb-8e63-4016-9994-706f81570549,208,Dinner,2025-10-13,2026-03-24 15:40:06.105203+00
9a970011-0608-495f-9b8e-67dd9a78de1c,8fda9f64-eb6d-4edf-96f2-0e92076e1607,9d500dc7-0fc5-47b5-bf3b-1d5f57982793,100,Auto,2026-03-12,2026-03-24 15:48:59.062415+00
9acb390e-66b9-4d89-810b-73e346392bc6,8fda9f64-eb6d-4edf-96f2-0e92076e1607,9d500dc7-0fc5-47b5-bf3b-1d5f57982793,58,Auto,2025-10-17,2026-03-24 15:39:33.088394+00
9b118c63-2218-4f2d-9054-712e7b35cabc,8fda9f64-eb6d-4edf-96f2-0e92076e1607,3e320471-accc-4b94-b4e6-1a2d853d51a1,250,Movie,2025-10-05,2026-03-24 15:31:22.708467+00
9b6bd87f-07f2-40c9-a796-7e3436382634,8fda9f64-eb6d-4edf-96f2-0e92076e1607,dfe79feb-8e63-4016-9994-706f81570549,105,Lunch,2025-12-07,2026-03-24 15:40:06.105203+00
9b92a4ae-067a-4484-be9e-c08341170e29,8fda9f64-eb6d-4edf-96f2-0e92076e1607,9d500dc7-0fc5-47b5-bf3b-1d5f57982793,100,Auto,2025-11-04,2026-03-24 15:47:18.801908+00
9ba2ad79-f239-4705-b02e-e7cfcf026493,8fda9f64-eb6d-4edf-96f2-0e92076e1607,113225e0-523b-4f3c-af5e-3b1bfc17b202,180.45,Shoes,2025-11-11,2026-03-23 12:36:40.550609+00
9bafae78-52c1-4257-acbc-e71363dd79b6,8fda9f64-eb6d-4edf-96f2-0e92076e1607,dfe79feb-8e63-4016-9994-706f81570549,115,Lunch,2025-11-18,2026-03-24 15:40:06.105203+00
9bbfa1fb-403c-427f-b528-af5c95bfc797,8fda9f64-eb6d-4edf-96f2-0e92076e1607,dfe79feb-8e63-4016-9994-706f81570549,106,Lunch,2026-01-07,2026-03-24 15:40:06.105203+00
9c62a774-ec72-4173-bd81-4654f43547d8,8fda9f64-eb6d-4edf-96f2-0e92076e1607,9d500dc7-0fc5-47b5-bf3b-1d5f57982793,100,Auto,2026-01-24,2026-03-24 15:48:21.825061+00
9cec5df1-e820-48e6-940e-6dcd5cb7f1c4,8fda9f64-eb6d-4edf-96f2-0e92076e1607,9d500dc7-0fc5-47b5-bf3b-1d5f57982793,58,Auto,2025-10-23,2026-03-24 15:39:33.088394+00
9d30575f-c1d0-43aa-90b2-1501dfdcd89e,8fda9f64-eb6d-4edf-96f2-0e92076e1607,dfe79feb-8e63-4016-9994-706f81570549,239,Dinner,2026-01-04,2026-03-24 15:40:06.105203+00
9f5e9095-0be1-4b3b-9044-2a82cb205d91,8fda9f64-eb6d-4edf-96f2-0e92076e1607,dfe79feb-8e63-4016-9994-706f81570549,128,Dinner,2025-11-25,2026-03-24 15:40:06.105203+00
9f6c4c9a-0314-4fcd-b803-1ee11276b26b,8fda9f64-eb6d-4edf-96f2-0e92076e1607,9d500dc7-0fc5-47b5-bf3b-1d5f57982793,53,Auto,2025-10-03,2026-03-24 15:39:33.088394+00
a0c6b16b-dcc2-46a7-bc7e-66ca0a820bc5,8fda9f64-eb6d-4edf-96f2-0e92076e1607,9d500dc7-0fc5-47b5-bf3b-1d5f57982793,100,Auto,2026-02-20,2026-03-24 15:48:46.615497+00
a0e30ef7-54c8-45a9-b4d6-d97807339f3c,8fda9f64-eb6d-4edf-96f2-0e92076e1607,dfe79feb-8e63-4016-9994-706f81570549,120,Lunch,2025-10-03,2026-03-24 15:31:22.708467+00
a123c1cf-5205-47e4-9495-d73edecfb22f,8fda9f64-eb6d-4edf-96f2-0e92076e1607,113225e0-523b-4f3c-af5e-3b1bfc17b202,1500,Shopping,2025-12-05,2026-03-24 15:31:22.708467+00
a1ed16f9-9e49-4f2f-935c-721b431a6b87,8fda9f64-eb6d-4edf-96f2-0e92076e1607,9d500dc7-0fc5-47b5-bf3b-1d5f57982793,43,Auto,2025-11-12,2026-03-24 15:39:33.088394+00
a234b4be-d7fd-465e-9974-fb7f0dd1eaa5,8fda9f64-eb6d-4edf-96f2-0e92076e1607,9d500dc7-0fc5-47b5-bf3b-1d5f57982793,55,Taxi,2025-12-16,2026-03-23 12:36:40.550609+00
a342a759-5c8c-41b3-8020-b0cfb66450a1,8fda9f64-eb6d-4edf-96f2-0e92076e1607,9d500dc7-0fc5-47b5-bf3b-1d5f57982793,57,Auto,2025-12-06,2026-03-24 15:39:33.088394+00
a37891c2-0cec-481a-b886-daf401d7b489,8fda9f64-eb6d-4edf-96f2-0e92076e1607,dfe79feb-8e63-4016-9994-706f81570549,205,Lunch,2025-12-05,2026-03-24 15:40:06.105203+00
a37f60fe-071a-4f22-a522-1c8ca2300696,8fda9f64-eb6d-4edf-96f2-0e92076e1607,9d500dc7-0fc5-47b5-bf3b-1d5f57982793,100,Auto,2025-11-08,2026-03-24 15:47:18.801908+00
a3bba193-b928-4876-a7fc-ce9a89fe2a54,8fda9f64-eb6d-4edf-96f2-0e92076e1607,dfe79feb-8e63-4016-9994-706f81570549,130,Dinner,2025-11-07,2026-03-24 15:40:06.105203+00
a3ef3bba-b463-4fef-9ac7-ae7a2d868e1e,8fda9f64-eb6d-4edf-96f2-0e92076e1607,9d500dc7-0fc5-47b5-bf3b-1d5f57982793,41,Auto,2025-12-08,2026-03-24 15:39:33.088394+00
a4e2ab1f-1a8e-4f2b-9342-ccc9582c5473,8fda9f64-eb6d-4edf-96f2-0e92076e1607,9d500dc7-0fc5-47b5-bf3b-1d5f57982793,54,Auto,2026-01-07,2026-03-24 15:39:33.088394+00
a56a6080-fa77-432c-af4a-3609c2c7a52f,8fda9f64-eb6d-4edf-96f2-0e92076e1607,9d500dc7-0fc5-47b5-bf3b-1d5f57982793,100,Auto,2025-11-14,2026-03-24 15:47:18.801908+00
a5a40221-451d-4354-b635-7b59d3c047f5,8fda9f64-eb6d-4edf-96f2-0e92076e1607,9d500dc7-0fc5-47b5-bf3b-1d5f57982793,100,Auto,2026-01-14,2026-03-24 15:48:21.825061+00
a5e0e462-d8b7-4f2f-9e34-480cadf1eabd,8fda9f64-eb6d-4edf-96f2-0e92076e1607,dfe79feb-8e63-4016-9994-706f81570549,229,Lunch,2026-01-02,2026-03-24 15:40:06.105203+00
a6370c6b-7112-4e0f-9767-34534927627b,8fda9f64-eb6d-4edf-96f2-0e92076e1607,9d500dc7-0fc5-47b5-bf3b-1d5f57982793,100,Auto,2026-02-07,2026-03-24 15:48:46.615497+00
a671ca04-d7fc-41dc-a36a-2fedf1699961,8fda9f64-eb6d-4edf-96f2-0e92076e1607,dfe79feb-8e63-4016-9994-706f81570549,164,Lunch,2025-10-17,2026-03-24 15:40:06.105203+00
a7e4beb6-a0fc-436c-be8f-3f0f1da19e04,8fda9f64-eb6d-4edf-96f2-0e92076e1607,9d500dc7-0fc5-47b5-bf3b-1d5f57982793,100,Auto,2026-03-23,2026-03-24 15:48:59.062415+00
a8528c1a-d028-47e8-9db5-8078f7fba8fc,8fda9f64-eb6d-4edf-96f2-0e92076e1607,9d500dc7-0fc5-47b5-bf3b-1d5f57982793,100,Auto,2025-11-10,2026-03-24 15:47:18.801908+00
a8667260-499b-474d-91f3-75912c0cfccf,8fda9f64-eb6d-4edf-96f2-0e92076e1607,9d500dc7-0fc5-47b5-bf3b-1d5f57982793,42.3,Taxi,2025-10-14,2026-03-23 12:36:40.550609+00
a940bc74-5a2f-4e1e-9a1a-7f61e16213e3,8fda9f64-eb6d-4edf-96f2-0e92076e1607,f3bccc52-435d-4fec-bb68-8ce687e665eb,8000,Rent,2025-12-01,2026-03-24 15:31:22.708467+00
aa47e11e-5232-48fc-a4a4-9cfcdc263bb4,8fda9f64-eb6d-4edf-96f2-0e92076e1607,dfe79feb-8e63-4016-9994-706f81570549,114,Lunch,2026-02-07,2026-03-24 15:40:06.105203+00
aab7ad85-2973-4fc7-9ff7-470ee9a5e490,8fda9f64-eb6d-4edf-96f2-0e92076e1607,dfe79feb-8e63-4016-9994-706f81570549,86,Lunch,2026-02-04,2026-03-24 15:40:06.105203+00
aabf73ab-66f2-4c7a-86ac-71ff0b8292b4,8fda9f64-eb6d-4edf-96f2-0e92076e1607,9d500dc7-0fc5-47b5-bf3b-1d5f57982793,100,Auto,2025-10-29,2026-03-24 15:46:45.906116+00
ab22a1a5-8c19-4f2a-a27b-cf97e8b2d42c,8fda9f64-eb6d-4edf-96f2-0e92076e1607,113225e0-523b-4f3c-af5e-3b1bfc17b202,190,Clothes,2026-02-11,2026-03-23 12:36:40.550609+00
abb0c896-9553-45d0-b4de-80a957599414,8fda9f64-eb6d-4edf-96f2-0e92076e1607,9d500dc7-0fc5-47b5-bf3b-1d5f57982793,100,Auto,2025-12-26,2026-03-24 15:47:43.914809+00
abb8b168-e17d-4fbb-bb03-ecffeed8d618,8fda9f64-eb6d-4edf-96f2-0e92076e1607,9d500dc7-0fc5-47b5-bf3b-1d5f57982793,45,Auto,2025-11-16,2026-03-24 15:39:33.088394+00
acd69eb1-e4cf-4902-ad42-f1c7f9887802,8fda9f64-eb6d-4edf-96f2-0e92076e1607,dfe79feb-8e63-4016-9994-706f81570549,119,Lunch,2025-10-26,2026-03-24 15:40:06.105203+00
ad79bc44-4c3a-4191-973e-0f911e513936,8fda9f64-eb6d-4edf-96f2-0e92076e1607,dfe79feb-8e63-4016-9994-706f81570549,174,Dinner,2025-12-01,2026-03-24 15:40:06.105203+00
af1412c9-822e-4c46-a11c-7c4a5a5f9aa7,8fda9f64-eb6d-4edf-96f2-0e92076e1607,9d500dc7-0fc5-47b5-bf3b-1d5f57982793,42,Auto,2026-01-01,2026-03-24 15:39:33.088394+00
b010a035-a75a-4afa-9a5b-44059be0dcbe,8fda9f64-eb6d-4edf-96f2-0e92076e1607,dfe79feb-8e63-4016-9994-706f81570549,153,Dinner,2026-01-23,2026-03-24 15:40:06.105203+00
b047994f-480d-4ed8-b542-63da3d68b1ee,8fda9f64-eb6d-4edf-96f2-0e92076e1607,9d500dc7-0fc5-47b5-bf3b-1d5f57982793,40,Auto,2025-10-10,2026-03-24 15:39:33.088394+00
b05ce4ec-4a2d-42f9-8595-92533f247c1a,8fda9f64-eb6d-4edf-96f2-0e92076e1607,9d500dc7-0fc5-47b5-bf3b-1d5f57982793,100,Auto,2025-12-06,2026-03-24 15:47:43.914809+00
b0a431d9-1439-4c64-b4a4-a823719eadc0,8fda9f64-eb6d-4edf-96f2-0e92076e1607,9d500dc7-0fc5-47b5-bf3b-1d5f57982793,54,Auto,2025-12-25,2026-03-24 15:39:33.088394+00
b379cf7a-d7ec-4195-9f00-12c72bf03dc2,8fda9f64-eb6d-4edf-96f2-0e92076e1607,dfe79feb-8e63-4016-9994-706f81570549,20,Tea,2025-11-06,2026-03-24 15:31:22.708467+00
b3803f37-e2bf-4523-9b3a-95ee2317ee60,8fda9f64-eb6d-4edf-96f2-0e92076e1607,dfe79feb-8e63-4016-9994-706f81570549,279,Dinner,2025-12-27,2026-03-24 15:40:06.105203+00
b4e7d515-edc4-45d9-84f0-3f7ee8a3bb3e,8fda9f64-eb6d-4edf-96f2-0e92076e1607,9d500dc7-0fc5-47b5-bf3b-1d5f57982793,100,Auto,2025-10-28,2026-03-24 15:46:45.906116+00
b54dbf75-ed05-487a-b05f-ed181d761c8e,8fda9f64-eb6d-4edf-96f2-0e92076e1607,9d500dc7-0fc5-47b5-bf3b-1d5f57982793,100,Auto,2025-10-23,2026-03-24 15:46:45.906116+00
b6116ae1-d2c5-40fd-853b-d93666c30fac,8fda9f64-eb6d-4edf-96f2-0e92076e1607,9d500dc7-0fc5-47b5-bf3b-1d5f57982793,100,Auto,2026-03-20,2026-03-24 15:48:59.062415+00
b6a60e66-a72a-4292-951d-6870fbb377b5,8fda9f64-eb6d-4edf-96f2-0e92076e1607,dfe79feb-8e63-4016-9994-706f81570549,275,Lunch,2026-02-19,2026-03-24 15:40:06.105203+00
b6bd7b0c-8897-4f48-babe-4ce3f216ceba,8fda9f64-eb6d-4edf-96f2-0e92076e1607,9d500dc7-0fc5-47b5-bf3b-1d5f57982793,100,Auto,2026-01-25,2026-03-24 15:48:21.825061+00
b7913372-2a7e-4ea8-b970-d890bbb0ec83,8fda9f64-eb6d-4edf-96f2-0e92076e1607,dfe79feb-8e63-4016-9994-706f81570549,266,Dinner,2026-01-27,2026-03-24 15:40:06.105203+00
b7a8e2cb-2803-40f8-b2a5-cdeb2373e90c,8fda9f64-eb6d-4edf-96f2-0e92076e1607,9d500dc7-0fc5-47b5-bf3b-1d5f57982793,100,Auto,2025-11-07,2026-03-24 15:47:18.801908+00
b7d6ca75-9048-40fb-bc60-017e0335deeb,8fda9f64-eb6d-4edf-96f2-0e92076e1607,9d500dc7-0fc5-47b5-bf3b-1d5f57982793,100,Auto,2026-03-16,2026-03-24 15:48:59.062415+00
b84b865d-13b4-4942-ac84-fc56e8391928,8fda9f64-eb6d-4edf-96f2-0e92076e1607,9d500dc7-0fc5-47b5-bf3b-1d5f57982793,100,Auto,2025-12-20,2026-03-24 15:47:43.914809+00
b85fa002-f7d2-4604-b331-29734878ae3c,8fda9f64-eb6d-4edf-96f2-0e92076e1607,9d500dc7-0fc5-47b5-bf3b-1d5f57982793,100,Auto,2026-01-20,2026-03-24 15:48:21.825061+00
b868d359-0d05-49ca-ac63-562df27ebd2f,8fda9f64-eb6d-4edf-96f2-0e92076e1607,dfe79feb-8e63-4016-9994-706f81570549,189,Lunch,2026-02-17,2026-03-24 15:40:06.105203+00
b8aeb154-7ffb-4b40-b13a-205151a38f09,8fda9f64-eb6d-4edf-96f2-0e92076e1607,9d500dc7-0fc5-47b5-bf3b-1d5f57982793,100,Auto,2026-02-27,2026-03-24 15:48:46.615497+00
b9aaca7d-6f92-472a-a1b2-3f56274a8875,8fda9f64-eb6d-4edf-96f2-0e92076e1607,9d500dc7-0fc5-47b5-bf3b-1d5f57982793,45,Auto,2025-11-30,2026-03-24 15:39:33.088394+00
b9bab413-dc1f-4438-9b2d-ada3347f4e69,8fda9f64-eb6d-4edf-96f2-0e92076e1607,9d500dc7-0fc5-47b5-bf3b-1d5f57982793,100,Auto,2026-03-04,2026-03-24 15:48:59.062415+00
b9c5cf0f-9922-47ea-aa76-81822165dddd,8fda9f64-eb6d-4edf-96f2-0e92076e1607,dfe79feb-8e63-4016-9994-706f81570549,145,Dinner,2025-12-12,2026-03-24 15:40:06.105203+00
b9e24dc6-75f0-4c2a-ac55-fb9770ad5839,8fda9f64-eb6d-4edf-96f2-0e92076e1607,dfe79feb-8e63-4016-9994-706f81570549,271,Dinner,2026-02-15,2026-03-24 15:40:06.105203+00
ba1fe247-b238-4aa7-b999-2e606d7cd0a3,8fda9f64-eb6d-4edf-96f2-0e92076e1607,9d500dc7-0fc5-47b5-bf3b-1d5f57982793,100,Auto,2025-11-21,2026-03-24 15:47:18.801908+00
bad12aab-ef33-4075-bbc9-5f24e622b8ac,8fda9f64-eb6d-4edf-96f2-0e92076e1607,9d500dc7-0fc5-47b5-bf3b-1d5f57982793,100,Auto,2025-11-29,2026-03-24 15:47:18.801908+00
bb973aac-d507-4c87-9b5f-1de5a3fcc21a,8fda9f64-eb6d-4edf-96f2-0e92076e1607,9d500dc7-0fc5-47b5-bf3b-1d5f57982793,100,Auto,2026-01-17,2026-03-24 15:48:21.825061+00
bbe97bfd-7a1b-41c7-9548-3f729906536e,8fda9f64-eb6d-4edf-96f2-0e92076e1607,9d500dc7-0fc5-47b5-bf3b-1d5f57982793,57,Auto,2025-10-11,2026-03-24 15:39:33.088394+00
bc0a34a1-cc4c-4d9c-ae2c-d9253d437e51,8fda9f64-eb6d-4edf-96f2-0e92076e1607,9d500dc7-0fc5-47b5-bf3b-1d5f57982793,100,Auto,2025-11-24,2026-03-24 15:47:18.801908+00
bc2bb5a6-6f4d-4659-a75e-b089b9114d0e,8fda9f64-eb6d-4edf-96f2-0e92076e1607,9d500dc7-0fc5-47b5-bf3b-1d5f57982793,40,Auto,2025-12-19,2026-03-24 15:39:33.088394+00
bc42eb18-9e90-477b-9857-d9b1314b8bd3,8fda9f64-eb6d-4edf-96f2-0e92076e1607,9d500dc7-0fc5-47b5-bf3b-1d5f57982793,43,Auto,2025-12-15,2026-03-24 15:39:33.088394+00
bcbc3614-267f-47f9-9aa4-21ec060a153c,8fda9f64-eb6d-4edf-96f2-0e92076e1607,9d500dc7-0fc5-47b5-bf3b-1d5f57982793,100,Auto,2026-03-17,2026-03-24 15:48:59.062415+00
bd09eca5-f7f6-4ed4-87dc-169161f8dff6,8fda9f64-eb6d-4edf-96f2-0e92076e1607,9d500dc7-0fc5-47b5-bf3b-1d5f57982793,42,Auto,2025-11-22,2026-03-24 15:39:33.088394+00
bd6f7be1-fad8-42f5-b2a0-69da67d85ea0,8fda9f64-eb6d-4edf-96f2-0e92076e1607,113225e0-523b-4f3c-af5e-3b1bfc17b202,320,Electronics,2025-12-10,2026-03-23 12:36:40.550609+00
bda5e164-2f70-4ca3-a24f-9d99be5beaa0,8fda9f64-eb6d-4edf-96f2-0e92076e1607,9d500dc7-0fc5-47b5-bf3b-1d5f57982793,100,Auto,2026-02-22,2026-03-24 15:48:46.615497+00
be1d6bb4-9530-4805-bfa2-d86424898510,8fda9f64-eb6d-4edf-96f2-0e92076e1607,9d500dc7-0fc5-47b5-bf3b-1d5f57982793,41,Auto,2025-12-30,2026-03-24 15:39:33.088394+00
beda8517-4081-4f0f-bcea-bac6298ae772,8fda9f64-eb6d-4edf-96f2-0e92076e1607,dfe79feb-8e63-4016-9994-706f81570549,268,Lunch,2025-10-10,2026-03-24 15:40:06.105203+00
bf3ac011-31e0-4d6a-b2b3-2a0d2649c08d,8fda9f64-eb6d-4edf-96f2-0e92076e1607,dfe79feb-8e63-4016-9994-706f81570549,110,Lunch,2025-11-02,2026-03-24 15:40:06.105203+00
c0622fbb-adbd-47ec-b14b-67d9e38fd393,8fda9f64-eb6d-4edf-96f2-0e92076e1607,dfe79feb-8e63-4016-9994-706f81570549,113,Dinner,2026-01-24,2026-03-24 15:40:06.105203+00
c1c56488-4a5f-487e-a4c8-bcc23f8fe6d5,8fda9f64-eb6d-4edf-96f2-0e92076e1607,9d500dc7-0fc5-47b5-bf3b-1d5f57982793,58,Auto,2025-11-13,2026-03-24 15:39:33.088394+00
c2030b2d-7788-4ceb-912f-91a59372e967,8fda9f64-eb6d-4edf-96f2-0e92076e1607,9d500dc7-0fc5-47b5-bf3b-1d5f57982793,100,Auto,2026-02-28,2026-03-24 15:48:46.615497+00
c21b4d93-a115-4f55-be9a-c054281cc19c,8fda9f64-eb6d-4edf-96f2-0e92076e1607,9d500dc7-0fc5-47b5-bf3b-1d5f57982793,100,Auto,2025-12-19,2026-03-24 15:47:43.914809+00
c2370eaf-f76c-448c-ac3c-becfb5387e58,8fda9f64-eb6d-4edf-96f2-0e92076e1607,3e320471-accc-4b94-b4e6-1a2d853d51a1,22,Streaming,2026-03-06,2026-03-23 12:36:40.550609+00
c25182aa-4e76-48ae-b822-de9a7d896ae5,8fda9f64-eb6d-4edf-96f2-0e92076e1607,dfe79feb-8e63-4016-9994-706f81570549,162,Dinner,2025-11-09,2026-03-24 15:40:06.105203+00
c320ef25-c26e-4e7f-a7ab-111b16d5ef86,8fda9f64-eb6d-4edf-96f2-0e92076e1607,9d500dc7-0fc5-47b5-bf3b-1d5f57982793,47,Auto,2025-11-04,2026-03-24 15:39:33.088394+00
c3c14f64-48ab-4d27-b8c5-858ef6179231,8fda9f64-eb6d-4edf-96f2-0e92076e1607,dfe79feb-8e63-4016-9994-706f81570549,247,Lunch,2025-12-25,2026-03-24 15:40:06.105203+00
c3d85945-82b4-42c3-9d71-53007a69186b,8fda9f64-eb6d-4edf-96f2-0e92076e1607,dfe79feb-8e63-4016-9994-706f81570549,258,Dinner,2026-02-28,2026-03-24 15:40:06.105203+00
c4297d3d-1a64-4119-9e59-e9bf1e481f91,8fda9f64-eb6d-4edf-96f2-0e92076e1607,dfe79feb-8e63-4016-9994-706f81570549,187,Lunch,2025-10-03,2026-03-24 15:40:06.105203+00
c5902acb-f7dc-4c58-994f-31e7fb9de5be,8fda9f64-eb6d-4edf-96f2-0e92076e1607,9d500dc7-0fc5-47b5-bf3b-1d5f57982793,100,Auto,2026-02-12,2026-03-24 15:48:46.615497+00
c655b657-c729-4f75-9ac0-9708d1b9f32e,8fda9f64-eb6d-4edf-96f2-0e92076e1607,9d500dc7-0fc5-47b5-bf3b-1d5f57982793,60,Taxi,2025-11-18,2026-03-23 12:36:40.550609+00
c7130e8c-d040-46bf-a595-f4e91311a3e5,8fda9f64-eb6d-4edf-96f2-0e92076e1607,dfe79feb-8e63-4016-9994-706f81570549,100,Lunch,2026-01-22,2026-03-24 15:40:06.105203+00
c7394f39-6c4d-493e-8b52-f06e58bc0b08,8fda9f64-eb6d-4edf-96f2-0e92076e1607,9d500dc7-0fc5-47b5-bf3b-1d5f57982793,45,Auto,2025-12-07,2026-03-24 15:39:33.088394+00
c799e0e1-c95a-43e3-a6f9-76436aef709a,8fda9f64-eb6d-4edf-96f2-0e92076e1607,9d500dc7-0fc5-47b5-bf3b-1d5f57982793,100,Auto,2025-11-11,2026-03-24 15:47:18.801908+00
c80fc9c1-8912-4d8c-b8ff-c737ebf93833,8fda9f64-eb6d-4edf-96f2-0e92076e1607,9d500dc7-0fc5-47b5-bf3b-1d5f57982793,51,Auto,2025-10-26,2026-03-24 15:39:33.088394+00
c870ace2-49f4-45c1-931d-28af8d05542e,8fda9f64-eb6d-4edf-96f2-0e92076e1607,9d500dc7-0fc5-47b5-bf3b-1d5f57982793,60,Auto,2025-10-24,2026-03-24 15:39:33.088394+00
c8db6b25-105f-412e-ad1e-fd2770478abf,8fda9f64-eb6d-4edf-96f2-0e92076e1607,9d500dc7-0fc5-47b5-bf3b-1d5f57982793,100,Auto,2026-01-03,2026-03-24 15:48:21.825061+00
c97f4c48-b46f-44bf-9e12-2a43de6ca879,8fda9f64-eb6d-4edf-96f2-0e92076e1607,f3bccc52-435d-4fec-bb68-8ce687e665eb,1200,Electricity Bill,2025-11-01,2026-03-24 15:31:22.708467+00
c991e29c-09c0-454b-9a71-25027000d75e,8fda9f64-eb6d-4edf-96f2-0e92076e1607,a4615ed1-a622-4ba1-9527-99a2f99ece5b,40,Misc,2026-03-20,2026-03-23 12:36:40.550609+00
ca30c8d3-3fd7-4fb8-b213-032d5ba434b5,8fda9f64-eb6d-4edf-96f2-0e92076e1607,dfe79feb-8e63-4016-9994-706f81570549,167,Dinner,2026-02-09,2026-03-24 15:40:06.105203+00
cacce11c-c635-4724-83d6-8753a07090d0,8fda9f64-eb6d-4edf-96f2-0e92076e1607,dfe79feb-8e63-4016-9994-706f81570549,169,Lunch,2025-10-30,2026-03-24 15:40:06.105203+00
cba3ec6d-c5a3-4fb9-9dd1-b7ae8ab90faf,8fda9f64-eb6d-4edf-96f2-0e92076e1607,f3bccc52-435d-4fec-bb68-8ce687e665eb,48,Internet,2025-11-08,2026-03-23 12:36:40.550609+00
cd65901a-3595-48c2-b639-de2dc44c607c,8fda9f64-eb6d-4edf-96f2-0e92076e1607,9d500dc7-0fc5-47b5-bf3b-1d5f57982793,100,Auto,2025-12-04,2026-03-24 15:47:43.914809+00
ce4cd58d-ba4e-4dde-b3ab-a88f6c5ae43a,8fda9f64-eb6d-4edf-96f2-0e92076e1607,9d500dc7-0fc5-47b5-bf3b-1d5f57982793,100,Auto,2025-10-04,2026-03-24 15:46:45.906116+00
ce4d8eb8-d6ec-4ef3-83d2-7769b9b662d3,8fda9f64-eb6d-4edf-96f2-0e92076e1607,dfe79feb-8e63-4016-9994-706f81570549,300,Dinner,2025-12-02,2026-03-24 15:31:22.708467+00
cecd150b-d3c5-4754-aaf8-a4387da0e12a,8fda9f64-eb6d-4edf-96f2-0e92076e1607,9d500dc7-0fc5-47b5-bf3b-1d5f57982793,55,Auto,2025-10-28,2026-03-24 15:39:33.088394+00
cedcb34f-bac6-415a-81c6-8d16e56c08f3,8fda9f64-eb6d-4edf-96f2-0e92076e1607,9d500dc7-0fc5-47b5-bf3b-1d5f57982793,100,Auto,2026-03-07,2026-03-24 15:48:59.062415+00
cee0ce83-fd7a-428f-84ba-6806f8992217,8fda9f64-eb6d-4edf-96f2-0e92076e1607,9d500dc7-0fc5-47b5-bf3b-1d5f57982793,45,Auto,2025-10-14,2026-03-24 15:39:33.088394+00
d1cab08a-b756-4f41-9e00-be63024ca547,8fda9f64-eb6d-4edf-96f2-0e92076e1607,9d500dc7-0fc5-47b5-bf3b-1d5f57982793,52,Auto,2025-12-10,2026-03-24 15:39:33.088394+00
d226deee-4242-4c82-becb-8994be596ec2,8fda9f64-eb6d-4edf-96f2-0e92076e1607,3e320471-accc-4b94-b4e6-1a2d853d51a1,199,Netflix,2025-11-05,2026-03-24 15:31:22.708467+00
d2348b37-219f-48e1-b2b4-3c0c13b32b3a,8fda9f64-eb6d-4edf-96f2-0e92076e1607,3e320471-accc-4b94-b4e6-1a2d853d51a1,10.99,Spotify,2025-11-05,2026-03-23 12:36:40.550609+00
d3a18374-8c1c-45c5-b51d-5d4ca8e8640a,8fda9f64-eb6d-4edf-96f2-0e92076e1607,9d500dc7-0fc5-47b5-bf3b-1d5f57982793,100,Auto,2026-02-23,2026-03-24 15:48:46.615497+00
d42f25f9-9abd-4291-abdf-d55b19293e97,8fda9f64-eb6d-4edf-96f2-0e92076e1607,9d500dc7-0fc5-47b5-bf3b-1d5f57982793,41,Auto,2025-12-09,2026-03-24 15:39:33.088394+00
d43cd4bc-430d-42d3-aa7c-ae70ecec39d8,8fda9f64-eb6d-4edf-96f2-0e92076e1607,9d500dc7-0fc5-47b5-bf3b-1d5f57982793,100,Auto,2026-02-18,2026-03-24 15:48:46.615497+00
d5540a2d-c979-42e4-8b48-9198628b9bec,8fda9f64-eb6d-4edf-96f2-0e92076e1607,9d500dc7-0fc5-47b5-bf3b-1d5f57982793,100,Auto,2026-03-30,2026-03-24 15:48:59.062415+00
d72f2bc5-2dd7-4d8f-98d8-dc3c249c29f6,8fda9f64-eb6d-4edf-96f2-0e92076e1607,9d500dc7-0fc5-47b5-bf3b-1d5f57982793,51,Auto,2025-10-31,2026-03-24 15:39:33.088394+00
d75c0866-66ef-4cda-9351-7f0530eb2bbf,8fda9f64-eb6d-4edf-96f2-0e92076e1607,9d500dc7-0fc5-47b5-bf3b-1d5f57982793,41,Auto,2025-10-13,2026-03-24 15:39:33.088394+00
d77741f5-b991-4e37-b637-9452644f6625,8fda9f64-eb6d-4edf-96f2-0e92076e1607,9d500dc7-0fc5-47b5-bf3b-1d5f57982793,100,Auto,2025-11-20,2026-03-24 15:47:18.801908+00
d808d806-bc46-40be-a076-879c60788370,8fda9f64-eb6d-4edf-96f2-0e92076e1607,dfe79feb-8e63-4016-9994-706f81570549,180,Dinner,2025-10-06,2026-03-24 15:31:22.708467+00
d8fe212b-8468-4d07-bf09-811dcbe630ef,8fda9f64-eb6d-4edf-96f2-0e92076e1607,9d500dc7-0fc5-47b5-bf3b-1d5f57982793,59,Auto,2025-12-29,2026-03-24 15:39:33.088394+00
d9354e1c-27ef-4660-a9ce-6cbc7598e0f4,8fda9f64-eb6d-4edf-96f2-0e92076e1607,9d500dc7-0fc5-47b5-bf3b-1d5f57982793,100,Auto,2026-02-06,2026-03-24 15:48:46.615497+00
d9bfb5d5-ea2d-4a08-9444-5d09d347c36b,8fda9f64-eb6d-4edf-96f2-0e92076e1607,dfe79feb-8e63-4016-9994-706f81570549,182,Dinner,2025-11-14,2026-03-24 15:40:06.105203+00
d9f97755-0603-4827-b685-7c23cd007b7c,8fda9f64-eb6d-4edf-96f2-0e92076e1607,9d500dc7-0fc5-47b5-bf3b-1d5f57982793,100,Auto,2025-11-06,2026-03-24 15:47:18.801908+00
dacb50d1-2346-4525-b2cb-1d64b1ef6f94,8fda9f64-eb6d-4edf-96f2-0e92076e1607,9d500dc7-0fc5-47b5-bf3b-1d5f57982793,40,Auto,2025-10-18,2026-03-24 15:39:33.088394+00
dace52b0-423a-477b-a0da-a327cb98768e,8fda9f64-eb6d-4edf-96f2-0e92076e1607,9d500dc7-0fc5-47b5-bf3b-1d5f57982793,100,Auto,2025-12-08,2026-03-24 15:47:43.914809+00
daf0ac97-1b94-42f8-9478-b907c3f2832f,8fda9f64-eb6d-4edf-96f2-0e92076e1607,dfe79feb-8e63-4016-9994-706f81570549,182,Dinner,2025-11-24,2026-03-24 15:40:06.105203+00
dbcf5f6b-2630-4fc1-b6fe-7acaebe7c190,8fda9f64-eb6d-4edf-96f2-0e92076e1607,9d500dc7-0fc5-47b5-bf3b-1d5f57982793,53,Auto,2025-10-05,2026-03-24 15:39:33.088394+00
dbf8216f-96cb-4f5f-83e4-f0a58175a1e2,8fda9f64-eb6d-4edf-96f2-0e92076e1607,dfe79feb-8e63-4016-9994-706f81570549,20,Lunch,2026-01-14,2026-03-23 12:36:40.550609+00
dbfd8331-f489-43ae-b101-080121d548a0,8fda9f64-eb6d-4edf-96f2-0e92076e1607,9d500dc7-0fc5-47b5-bf3b-1d5f57982793,100,Auto,2025-10-22,2026-03-24 15:46:45.906116+00
dc12ce3e-9688-44e8-931b-e95a9914c623,8fda9f64-eb6d-4edf-96f2-0e92076e1607,dfe79feb-8e63-4016-9994-706f81570549,177,Lunch,2025-12-18,2026-03-24 15:40:06.105203+00
dc228ba2-6561-408c-9ca2-1b3f545e9fed,8fda9f64-eb6d-4edf-96f2-0e92076e1607,9d500dc7-0fc5-47b5-bf3b-1d5f57982793,55,Auto,2026-01-05,2026-03-24 15:39:33.088394+00
dcc9cc86-ad64-49b9-a3b3-8c0be3e02752,8fda9f64-eb6d-4edf-96f2-0e92076e1607,9d500dc7-0fc5-47b5-bf3b-1d5f57982793,100,Auto,2026-02-11,2026-03-24 15:48:46.615497+00
dcd69698-e61a-4cec-a133-b626804e487f,8fda9f64-eb6d-4edf-96f2-0e92076e1607,9d500dc7-0fc5-47b5-bf3b-1d5f57982793,53,Auto,2025-12-28,2026-03-24 15:39:33.088394+00
dd01e943-df34-4168-ac67-0c6f110efd6f,8fda9f64-eb6d-4edf-96f2-0e92076e1607,9d500dc7-0fc5-47b5-bf3b-1d5f57982793,60,Auto,2025-12-11,2026-03-24 15:39:33.088394+00
dd4f82f6-e1ca-4d35-a48a-f8096674e7fb,8fda9f64-eb6d-4edf-96f2-0e92076e1607,9d500dc7-0fc5-47b5-bf3b-1d5f57982793,49,Auto,2025-12-31,2026-03-24 15:39:33.088394+00
df2d0a62-b7a3-4243-bda6-b4498cb3f25d,8fda9f64-eb6d-4edf-96f2-0e92076e1607,9d500dc7-0fc5-47b5-bf3b-1d5f57982793,48,Auto,2025-12-24,2026-03-24 15:39:33.088394+00
df698765-8624-4787-aea4-50f4ef8384ea,8fda9f64-eb6d-4edf-96f2-0e92076e1607,a4615ed1-a622-4ba1-9527-99a2f99ece5b,30,Misc,2025-12-20,2026-03-23 12:36:40.550609+00
e0c06df5-e539-4a75-87ec-79c00c54431c,8fda9f64-eb6d-4edf-96f2-0e92076e1607,9d500dc7-0fc5-47b5-bf3b-1d5f57982793,58,Auto,2025-10-09,2026-03-24 15:39:33.088394+00
e17f1da8-d33e-42e8-9833-7b9d4e27c565,8fda9f64-eb6d-4edf-96f2-0e92076e1607,9d500dc7-0fc5-47b5-bf3b-1d5f57982793,42,Auto,2025-12-04,2026-03-24 15:39:33.088394+00
e302583c-ed6a-4131-9cd4-97fff4522b10,8fda9f64-eb6d-4edf-96f2-0e92076e1607,dfe79feb-8e63-4016-9994-706f81570549,107,Dinner,2026-02-16,2026-03-24 15:40:06.105203+00
e3925b66-c9f9-4683-adcd-7593ac3afde3,8fda9f64-eb6d-4edf-96f2-0e92076e1607,9d500dc7-0fc5-47b5-bf3b-1d5f57982793,100,Auto,2025-12-21,2026-03-24 15:47:43.914809+00
e3ab9ee2-f4a7-45a4-83f4-e8973cace592,8fda9f64-eb6d-4edf-96f2-0e92076e1607,dfe79feb-8e63-4016-9994-706f81570549,247,Dinner,2025-10-12,2026-03-24 15:40:06.105203+00
e3f765d5-a399-4ae4-a719-ccc275dc9f4e,8fda9f64-eb6d-4edf-96f2-0e92076e1607,9d500dc7-0fc5-47b5-bf3b-1d5f57982793,56,Auto,2025-12-20,2026-03-24 15:39:33.088394+00
e3f9d869-b3f0-4863-9f4d-353ee426c3b4,8fda9f64-eb6d-4edf-96f2-0e92076e1607,9d500dc7-0fc5-47b5-bf3b-1d5f57982793,100,Auto,2026-01-08,2026-03-24 15:48:21.825061+00
e42d817b-20de-4d87-a5ca-94815fa7dc4f,8fda9f64-eb6d-4edf-96f2-0e92076e1607,9d500dc7-0fc5-47b5-bf3b-1d5f57982793,100,Auto,2026-03-18,2026-03-24 15:48:59.062415+00
e4ee4ef5-9bda-4776-b0bf-26569bfe0d64,8fda9f64-eb6d-4edf-96f2-0e92076e1607,9d500dc7-0fc5-47b5-bf3b-1d5f57982793,100,Auto,2025-10-16,2026-03-24 15:46:45.906116+00
e5436554-2419-4f93-9170-6796fd402c8a,8fda9f64-eb6d-4edf-96f2-0e92076e1607,9d500dc7-0fc5-47b5-bf3b-1d5f57982793,42,Auto,2025-11-05,2026-03-24 15:39:33.088394+00
e56a9849-8d1e-4eac-a85f-7c8265fa3d38,8fda9f64-eb6d-4edf-96f2-0e92076e1607,dfe79feb-8e63-4016-9994-706f81570549,128,Lunch,2025-10-15,2026-03-24 15:40:06.105203+00
e6745352-13fb-499b-975e-c343d468d17a,8fda9f64-eb6d-4edf-96f2-0e92076e1607,9d500dc7-0fc5-47b5-bf3b-1d5f57982793,42,Auto,2025-11-29,2026-03-24 15:39:33.088394+00
e8c627be-fd8a-4a5f-8a23-0107d0b93272,8fda9f64-eb6d-4edf-96f2-0e92076e1607,9d500dc7-0fc5-47b5-bf3b-1d5f57982793,100,Auto,2026-01-23,2026-03-24 15:48:21.825061+00
e8c80071-56c7-49a9-88c0-389740eb2734,8fda9f64-eb6d-4edf-96f2-0e92076e1607,dfe79feb-8e63-4016-9994-706f81570549,197,Lunch,2025-11-11,2026-03-24 15:40:06.105203+00
e97bc268-554d-4712-8d3f-4f2ef22338c0,8fda9f64-eb6d-4edf-96f2-0e92076e1607,9d500dc7-0fc5-47b5-bf3b-1d5f57982793,58,Taxi,2026-02-18,2026-03-23 12:36:40.550609+00
e9a0c961-0385-46f8-8bad-1b53265b2682,8fda9f64-eb6d-4edf-96f2-0e92076e1607,9d500dc7-0fc5-47b5-bf3b-1d5f57982793,100,Auto,2025-12-18,2026-03-24 15:47:43.914809+00
ea1fff59-fc18-48e2-98b2-cd9808fb745c,8fda9f64-eb6d-4edf-96f2-0e92076e1607,9d500dc7-0fc5-47b5-bf3b-1d5f57982793,65,Taxi,2026-03-04,2026-03-23 12:36:40.550609+00
eacd5bbe-8db3-46b3-96d5-2dec4af26b24,8fda9f64-eb6d-4edf-96f2-0e92076e1607,9d500dc7-0fc5-47b5-bf3b-1d5f57982793,100,Auto,2026-03-21,2026-03-24 15:48:59.062415+00
ec65e995-846c-41b7-970b-34993731d66d,8fda9f64-eb6d-4edf-96f2-0e92076e1607,9d500dc7-0fc5-47b5-bf3b-1d5f57982793,100,Auto,2026-02-13,2026-03-24 15:48:46.615497+00
ec82f43f-57a3-479b-b0a6-5dc4d26e9966,8fda9f64-eb6d-4edf-96f2-0e92076e1607,9d500dc7-0fc5-47b5-bf3b-1d5f57982793,95,Fuel,2025-12-03,2026-03-23 12:36:40.550609+00
ecbd91bd-878a-4bd9-bd78-a37eebb2185b,8fda9f64-eb6d-4edf-96f2-0e92076e1607,dfe79feb-8e63-4016-9994-706f81570549,179,Lunch,2025-11-13,2026-03-24 15:40:06.105203+00
ed1d136d-f158-4672-8964-5c4fb5bf05b7,8fda9f64-eb6d-4edf-96f2-0e92076e1607,f3bccc52-435d-4fec-bb68-8ce687e665eb,520,Rent,2026-01-07,2026-03-23 12:36:40.550609+00
ed98b772-a4df-42b9-8186-bc27ba66c498,8fda9f64-eb6d-4edf-96f2-0e92076e1607,9d500dc7-0fc5-47b5-bf3b-1d5f57982793,59,Auto,2025-11-24,2026-03-24 15:39:33.088394+00
ee66f0bc-043a-4a63-a921-91824a65c5a6,8fda9f64-eb6d-4edf-96f2-0e92076e1607,dfe79feb-8e63-4016-9994-706f81570549,216,Dinner,2025-11-03,2026-03-24 15:40:06.105203+00
ef0926e6-2c1a-4723-96c0-2760c8f32f2e,8fda9f64-eb6d-4edf-96f2-0e92076e1607,9d500dc7-0fc5-47b5-bf3b-1d5f57982793,100,Auto,2025-12-03,2026-03-24 15:47:43.914809+00
ef686275-eeda-421c-8148-e437356b5aae,8fda9f64-eb6d-4edf-96f2-0e92076e1607,9d500dc7-0fc5-47b5-bf3b-1d5f57982793,100,Auto,2025-10-14,2026-03-24 15:46:45.906116+00
effcfffd-d82d-4e6c-a5aa-7827ff1d986c,8fda9f64-eb6d-4edf-96f2-0e92076e1607,9d500dc7-0fc5-47b5-bf3b-1d5f57982793,100,Auto,2025-10-06,2026-03-24 15:46:45.906116+00
f1fbc2cc-65cb-4558-9528-c568ae8a6306,8fda9f64-eb6d-4edf-96f2-0e92076e1607,9d500dc7-0fc5-47b5-bf3b-1d5f57982793,55,Auto,2025-10-16,2026-03-24 15:39:33.088394+00
f2cc6383-6fe7-49e9-acd5-d0f05efea37f,8fda9f64-eb6d-4edf-96f2-0e92076e1607,dfe79feb-8e63-4016-9994-706f81570549,97,Lunch,2025-11-01,2026-03-24 15:40:06.105203+00
f348fb4d-0eca-4270-bb05-bc272781f1f1,8fda9f64-eb6d-4edf-96f2-0e92076e1607,a4615ed1-a622-4ba1-9527-99a2f99ece5b,35,Misc,2026-02-22,2026-03-23 12:36:40.550609+00
f34910b8-6dc8-4606-b406-2b89e2f70401,8fda9f64-eb6d-4edf-96f2-0e92076e1607,dfe79feb-8e63-4016-9994-706f81570549,230,Lunch,2026-02-25,2026-03-24 15:40:06.105203+00
f3e42be9-2d77-4be2-bebe-bbc9de2370f8,8fda9f64-eb6d-4edf-96f2-0e92076e1607,9d500dc7-0fc5-47b5-bf3b-1d5f57982793,100,Auto,2025-11-22,2026-03-24 15:47:18.801908+00
f459f7b4-4408-4c3d-9f81-d2d48f60e434,8fda9f64-eb6d-4edf-96f2-0e92076e1607,9d500dc7-0fc5-47b5-bf3b-1d5f57982793,48,Auto,2026-01-08,2026-03-24 15:39:33.088394+00
f47a1cc5-a949-4253-bb25-7c0370ed8a4f,8fda9f64-eb6d-4edf-96f2-0e92076e1607,9d500dc7-0fc5-47b5-bf3b-1d5f57982793,100,Auto,2026-01-09,2026-03-24 15:48:21.825061+00
f558cee7-4a3d-4b8a-a3c0-f8e70fd6d687,8fda9f64-eb6d-4edf-96f2-0e92076e1607,dfe79feb-8e63-4016-9994-706f81570549,88,Lunch,2026-02-06,2026-03-24 15:40:06.105203+00
f657ce65-c012-4c03-82f1-bab0ce06263a,8fda9f64-eb6d-4edf-96f2-0e92076e1607,9d500dc7-0fc5-47b5-bf3b-1d5f57982793,220,Uber,2025-11-02,2026-03-24 15:31:22.708467+00
f733f463-59e6-497d-b1b5-a466267d3f7c,8fda9f64-eb6d-4edf-96f2-0e92076e1607,9d500dc7-0fc5-47b5-bf3b-1d5f57982793,100,Auto,2025-10-11,2026-03-24 15:46:45.906116+00
f77a7c03-311e-461c-a98f-aeb2032086cb,8fda9f64-eb6d-4edf-96f2-0e92076e1607,9d500dc7-0fc5-47b5-bf3b-1d5f57982793,100,Auto,2025-11-19,2026-03-24 15:47:18.801908+00
f9e2ebe2-87f6-47b1-b5d5-3c6f10426d2c,8fda9f64-eb6d-4edf-96f2-0e92076e1607,9d500dc7-0fc5-47b5-bf3b-1d5f57982793,51,Auto,2025-12-14,2026-03-24 15:39:33.088394+00
fab13567-9041-4e6f-a107-cf122962163c,8fda9f64-eb6d-4edf-96f2-0e92076e1607,9d500dc7-0fc5-47b5-bf3b-1d5f57982793,100,Auto,2026-01-07,2026-03-24 15:48:21.825061+00
fb5d9d7d-6662-4ec7-95b9-d5b48c2a3e1f,8fda9f64-eb6d-4edf-96f2-0e92076e1607,dfe79feb-8e63-4016-9994-706f81570549,7.9,Coffee,2025-12-12,2026-03-23 12:36:40.550609+00
fc627a39-287e-4181-abf6-73ab1b39175a,8fda9f64-eb6d-4edf-96f2-0e92076e1607,9d500dc7-0fc5-47b5-bf3b-1d5f57982793,100,Auto,2026-02-17,2026-03-24 15:48:46.615497+00
fc8bd257-50e8-428c-ba68-ca159db968d6,8fda9f64-eb6d-4edf-96f2-0e92076e1607,9d500dc7-0fc5-47b5-bf3b-1d5f57982793,100,Auto,2025-11-18,2026-03-24 15:47:18.801908+00
fd0f83b7-1e89-4a5e-a3d9-6ed4f30ad216,8fda9f64-eb6d-4edf-96f2-0e92076e1607,9d500dc7-0fc5-47b5-bf3b-1d5f57982793,55,Auto,2025-11-19,2026-03-24 15:39:33.088394+00
feb7766e-3a3b-46e4-9a9a-48c4485e26ad,8fda9f64-eb6d-4edf-96f2-0e92076e1607,dfe79feb-8e63-4016-9994-706f81570549,169,Lunch,2026-01-10,2026-03-24 15:40:06.105203+00
ff2e84cc-55d3-46a2-8dbb-01470b09411a,8fda9f64-eb6d-4edf-96f2-0e92076e1607,dfe79feb-8e63-4016-9994-706f81570549,139,Dinner,2025-10-29,2026-03-24 15:40:06.105203+00
ff3a2740-3fd3-44af-a00f-9db4284b9c7b,8fda9f64-eb6d-4edf-96f2-0e92076e1607,dfe79feb-8e63-4016-9994-706f81570549,263,Dinner,2025-11-20,2026-03-24 15:40:06.105203+00
ff461950-bac6-421b-9465-f8fa11c2112a,8fda9f64-eb6d-4edf-96f2-0e92076e1607,9d500dc7-0fc5-47b5-bf3b-1d5f57982793,100,Auto,2025-12-05,2026-03-24 15:47:43.914809+00
ff555f81-1f68-49b5-ba33-a9677b71ce3c,8fda9f64-eb6d-4edf-96f2-0e92076e1607,9d500dc7-0fc5-47b5-bf3b-1d5f57982793,47,Auto,2026-01-09,2026-03-24 15:39:33.088394+00
ff6694cf-1e22-4945-8dd4-f732cb29991c,8fda9f64-eb6d-4edf-96f2-0e92076e1607,9d500dc7-0fc5-47b5-bf3b-1d5f57982793,100,Auto,2026-03-09,2026-03-24 15:48:59.062415+00
ff6e3db1-9efb-433f-8cc7-9cdbe1b81df0,8fda9f64-eb6d-4edf-96f2-0e92076e1607,9d500dc7-0fc5-47b5-bf3b-1d5f57982793,100,Auto,2026-02-03,2026-03-24 15:48:46.615497+00
ff8a06cb-4861-4fec-8490-3ef861faacf7,8fda9f64-eb6d-4edf-96f2-0e92076e1607,dfe79feb-8e63-4016-9994-706f81570549,250,Lunch,2025-11-08,2026-03-24 15:40:06.105203+00
ffe16d04-21ac-415d-8dba-1151ef85893b,8fda9f64-eb6d-4edf-96f2-0e92076e1607,f3bccc52-435d-4fec-bb68-8ce687e665eb,88,Electricity,2026-02-08,2026-03-23 12:36:40.550609+00